Date,Close,High,Low,Open,Volume
,AAPL,AAPL,AAPL,AAPL,AAPL
2019-01-02,37.66718673706055,37.88901287019494,36.78704481309749,36.9444693411881,148158800
2019-01-03,33.91524887084961,34.757226401323194,33.869929368945684,34.342199196005986,365248800
2019-01-04,35.36306381225586,35.43223682628628,34.29926394532161,34.47338296901042,234428400
2019-01-07,35.28436279296875,35.499033590805276,34.800166098962414,35.46802473744808,219111200
2019-01-08,35.95698165893555,36.21220045649349,35.4250817221221,35.67314155306667,164101200
2019-01-09,36.56761932373047,36.858614959524594,35.68986462132984,36.0858063405985,180396400
2019-01-10,36.684478759765625,36.725026835800286,35.98322742702585,36.37440116943039,143122800
2019-01-11,36.32430648803711,36.660621462294706,36.13826068090229,36.465036431002055,108092800
2019-01-14,35.77809524536133,36.08101747084215,35.592049441248335,35.98083924089946,129756800
2019-01-15,36.51036071777344,36.58668543964346,35.79002727502903,35.842502113611935,114843600
2019-01-16,36.95638656616211,37.180596538089034,36.49365596699989,36.51273805392303,122278800
2019-01-17,37.17583084106445,37.605168764223066,36.55567565877573,36.77988566528837,119284800
2019-01-18,37.40481185913086,37.657643177830934,37.204451737553185,37.56700416186809,135004000
2019-01-22,36.56521987915039,37.38334404012299,36.40302392903853,37.30701931736308,121576000
2019-01-23,36.71310043334961,37.00409593671052,36.18358426425264,36.76795916739868,92522400
2019-01-24,36.42210388183594,36.84667036346506,36.193126087459284,36.7584188843341,101766000
2019-01-25,37.6290283203125,37.71728346357588,36.80852008233455,37.085201357687176,134142000
2019-01-28,37.280784606933594,37.28793993647679,36.65109013037413,37.15913672562548,104768400
2019-01-29,36.89438247680664,37.717281855801716,36.75842756171438,37.26886174661452,166348800
2019-01-30,39.41553497314453,39.63020208904466,38.2181603651777,38.93849370266774,244439200
2019-01-31,39.699378967285156,40.30999127047661,39.25095896483175,39.62066671326708,162958400
2019-02-01,39.71845626831055,40.30521497910826,39.577726330769984,39.823405927682096,130672400
2019-02-04,40.8466682434082,40.944462599990764,39.8997408110696,39.93074966548283,125982000
2019-02-05,41.545528411865234,41.76019919785471,41.109038790046775,41.23068302109854,144406400
2019-02-06,41.559844970703125,41.877077914727295,41.22830136807492,41.65763568434292,112958400
2019-02-07,40.772727966308594,41.48829004745957,40.62961409426362,41.12096614099471,126966800
2019-02-08,40.82063293457031,40.88051884510569,40.343939770856174,40.48048140134687,95280000
2019-02-11,40.585872650146484,41.012263644587904,40.54275655421891,40.973935789221976,83973600
2019-02-12,40.93559646606445,40.96194640235362,40.65053906124835,40.74635867282006,89134000
2019-02-13,40.765541076660156,41.31649226315777,40.70326103667732,41.05539053323618,89960800
2019-02-14,40.91404724121094,41.024235249333614,40.573895770902965,40.65294559680587,87342800
2019-02-15,40.82303237915039,41.1296479886677,40.66253855660199,41.021854066675054,98507200
2019-02-19,40.9452018737793,41.06737149705147,40.60026202463444,40.65296192974269,75891200
2019-02-20,41.20869445800781,41.517707818195674,40.95957066639744,41.00747866611334,104457600
2019-02-21,40.9763298034668,41.29013135127921,40.794277973667924,41.15359339271642,68998800
2019-02-22,41.433860778808594,41.44104679508973,41.052987295325664,41.10089528891515,75652800
2019-02-25,41.735687255859375,42.12853867814377,41.66861532926052,41.71892110178259,87493600
2019-02-26,41.759639739990234,41.99199734395085,41.481768263377155,41.6111238651416,68280800
2019-02-27,41.888999938964844,41.9201417853665,41.3763766370525,41.491360229083405,111341600
2019-02-28,41.47698211669922,41.89858128590096,41.42188809986802,41.75725140765541,112861600
2019-03-01,41.91294860839844,41.95606470668543,41.41469742681215,41.747662921340286,103544800
2019-03-04,42.123756408691406,42.57888792586858,41.67341313327448,42.08542854373116,109744800
2019-03-05,42.04709243774414,42.1596782345321,41.809942931822455,42.145306201775455,78949600
2019-03-06,41.80516052246094,42.03751816482708,41.66622476119022,41.84109060936449,83241600
2019-03-07,41.3212776184082,41.78599286166465,41.2062976954326,41.649451233325124,99185600
2019-03-08,41.419498443603516,41.45782630950687,40.60265362037729,40.79908119177214,95997600
2019-03-11,42.854347229003906,42.907047111756675,42.00397039988766,42.03750635662623,128044000
2019-03-12,43.33583450317383,43.75742993256308,42.96693530420606,43.11784894516063,129870400
2019-03-13,43.52748107910156,43.908354630123746,43.33823953641887,43.65683305024534,124130000
2019-03-14,44.0113525390625,44.099986172540426,43.73108691515278,44.05207451978656,94318000
2019-03-15,44.5838623046875,44.87371172513711,44.013750911673355,44.27964450542116,156171600
2019-03-18,45.038997650146484,45.127627630121516,44.50481268423462,44.507210460004316,104879200
2019-03-19,44.682071685791016,45.271350606371485,44.53594992962055,45.11804283392589,126585600
2019-03-20,45.07253646850586,45.391129978639086,44.250899804447286,44.610215298637904,124140800
2019-03-21,46.732566833496094,47.02960225648532,45.46777673422874,45.518082505798304,204136800
2019-03-22,45.76481246948242,47.35538206911971,45.70013466420761,46.79245306146932,169630800
2019-03-25,45.21147155761719,45.98759067420643,44.69884827308564,45.87500486195989,175381200
2019-03-26,44.744354248046875,46.203177772062595,44.21496485832889,45.91093424315701,199202000
2019-03-27,45.14677810668945,45.45578771177752,44.68685487892273,45.213850015625546,119393600
2019-03-28,45.20668029785156,45.407896097198545,44.92162275453689,45.26177431680809,83121600
2019-03-29,45.501319885253906,45.53246173234279,45.16356242960888,45.47257581418501,94256000
2019-04-01,45.81032180786133,45.91571792712544,45.125226929344564,45.9061377908816,111448000
2019-04-02,46.476261138916016,46.58166093233031,45.76481618851566,45.77439632648691,91062800
2019-04-03,46.79484939575195,47.07032310709396,46.26785048773917,46.29180631270182,93087200
2019-04-04,46.87628936767578,47.0391772671093,46.26545243450927,46.660697926775335,76457200
2019-04-05,47.19009017944336,47.214046001998675,46.933776767653775,47.058340465679805,74106400
2019-04-08,47.93267822265625,47.96381640671696,47.031991902254475,47.051155829831686,103526800
2019-04-09,47.78894805908203,48.59142057877384,47.724270263832075,47.98537556497254,143072800
2019-04-10,48.057247161865234,48.08599488612335,47.47276005561383,47.592531883775315,86781200
2019-04-11,47.65721130371094,48.14827654678451,47.53504535071354,48.112346459181225,83603200
2019-04-12,47.638038635253906,47.94226005670454,47.00085538268717,47.717088468629846,111042800
2019-04-15,47.724273681640625,47.87279320933779,47.43203017716153,47.56857179300715,70146400
2019-04-16,47.72906494140625,48.236896231863994,47.56377926343582,47.77937070845417,102785600
2019-04-17,48.65849685668945,48.71838276188199,47.57575866736756,47.79853248021393,115627200
2019-04-18,48.83336639404297,48.90283244109063,48.51237879500945,48.65610278532575,96783200
2019-04-22,48.99385452270508,49.09206828056482,48.46925342917841,48.58663111455801,77758000
2019-04-23,49.70051193237305,49.7651897366991,48.84294528794384,48.96990312097358,93292000
2019-04-24,49.62385559082031,49.940051258313886,49.597505647267056,49.6717635822411,70162400
2019-04-25,49.17352294921875,49.767590211237874,49.13519508582494,49.54481635866054,74172800
2019-04-26,48.93876266479492,49.10644246902589,48.41655566859494,49.08248664478764,74596400
2019-04-29,49.01301574707031,49.33879518664974,48.83335804851868,48.96270998321195,88818800
2019-04-30,48.0692138671875,48.72316687302299,47.69552643528151,48.641722926098915,186139600
2019-05-01,50.42872619628906,51.57613857993993,50.11971286557231,50.27541841873172,259309200
2019-05-02,50.10054016113281,50.9389427223624,49.856208332136084,50.26582582231271,127985200
2019-05-03,50.72336196899414,50.74492001774366,50.359254640038046,50.5173543078257,83569600
2019-05-06,49.94005584716797,50.02629170170755,48.747129571991984,48.93636743479356,129772400
2019-05-07,48.59381866455078,49.68613698164829,48.107545410712596,49.31724141689522,155054800
2019-05-08,48.603397369384766,49.18788436696664,48.327923677888684,48.36385375759845,105358000
2019-05-09,48.08121109008789,48.31117099201884,47.108664266389226,48.00455535267975,139634400
2019-05-10,47.41511535644531,47.816697069925944,46.35466238641281,47.47282855538668,164834800
2019-05-13,44.65937042236328,45.5635217596621,43.96923379622501,45.13789934696811,229722400
2019-05-14,45.3663330078125,45.61641612468284,44.58481822241338,44.8252843102285,146118800
2019-05-15,45.9097900390625,46.10937735396515,44.731507548292626,44.79162407678541,106178800
2019-05-16,45.70780944824219,46.28252344040934,45.4096300803427,45.66693064017268,132125600
2019-05-17,45.44810104370117,45.904985247880205,44.90945556226326,44.95033436628162,131516400
2019-05-20,44.026947021484375,44.32993672221793,43.35123771940764,44.13034937515096,154449200
2019-05-21,44.870975494384766,45.20762656494578,44.41408770522743,44.53913110395929,113459200
2019-05-22,43.952392578125,44.65696014491198,43.89708640362231,44.404470011159354,118994400
2019-05-23,43.202144622802734,43.41375231638336,42.757280826698924,43.23580973331932,146118800
2019-05-24,43.03621292114258,43.79848992414782,42.952048328798284,43.331985160408465,94858800
2019-05-28,42.858272552490234,43.425772702897646,42.781325307449706,43.02419475079899,111792800
2019-05-29,42.65387725830078,43.12759576068828,42.32203287185921,42.42302819181503,113924800
2019-05-30,42.8751106262207,43.09874236022646,42.48314967010351,42.790946015164984,84873600
2019-05-31,42.09840393066406,42.800564536423366,42.07916620142415,42.37734183158862,108174400
2019-06-03,41.67277145385742,42.78372354414095,40.9441595414999,42.225844159173256,161584400
2019-06-04,43.19733810424805,43.243027258834694,41.96615261704751,42.187381029952476,123872000
2019-06-05,43.894683837890625,44.4838287660272,43.55803273828841,44.313096206729206,119093600
2019-06-06,44.53913116455078,44.599247689319995,43.80089847915856,44.0245338592952,90105200
2019-06-07,45.72462844848633,46.15025448218775,44.67138940249549,44.84933197208992,122737600
2019-06-10,46.3089599609375,46.979858736253505,46.07811090053658,46.12380004462165,104883600
2019-06-11,46.8452033996582,47.13135866433859,46.554241454504776,46.85722743928427,107731600
2019-06-12,46.69611358642578,47.124142960424194,46.503739968295555,46.63840040022024,73012800
2019-06-13,46.686485290527344,47.3213155586011,46.55423188947859,46.81874236079708,86698400
2019-06-14,46.347442626953125,46.55183663331729,45.760704690148856,46.06128734882138,75046000
2019-06-17,46.62396240234375,46.88126283770221,46.21036050178936,46.38589969133907,58676400
2019-06-18,47.72050094604492,48.162957727769786,46.941393062838486,47.143383723727425,106204000
2019-06-19,47.58102035522461,48.06435950685173,47.44635994236846,48.016263357213624,84496800
2019-06-20,47.963382720947266,48.23991734206036,47.6195141981803,48.18220414173809,86056000
2019-06-21,47.79985046386719,48.297617045839175,47.64835564861981,47.80466081318877,191202400
2019-06-24,47.75176239013672,48.131699298772126,47.65317040065336,47.742141690604704,72881600
2019-06-25,47.027957916259766,47.915274761567105,46.960624031175655,47.715687454109734,84281200
2019-06-26,48.04513168334961,48.331286954258495,47.45599042106641,47.556985751524515,104270000
2019-06-27,48.030704498291016,48.470757941574455,47.989825697883944,48.162957929928446,83598800
2019-06-28,47.593055725097656,47.972992648535545,47.38385136739792,47.775808661886465,124442400
2019-07-01,48.465938568115234,49.17290942178827,48.24951689721592,48.8554924388244,109012000
2019-07-02,48.74968719482422,48.845875828009284,48.420249840565674,48.43227387836645,67740800
2019-07-03,49.153682708740234,49.160896399131076,48.74008066996311,48.881954806612185,45448000
2019-07-05,49.11037826538086,49.3147758668342,48.79055799224192,48.89877064549403,69062000
2019-07-08,48.09803009033203,48.42987081147416,47.71087952464831,48.28799669385143,101354400
2019-07-09,48.39139938354492,48.45632258883776,47.807064851358824,47.9008464837811,82312000
2019-07-10,48.86992645263672,48.990159507500714,48.468348489697576,48.538085716282815,71588400
2019-07-11,48.5140380859375,49.148868474716956,48.504421055917035,48.88916463350422,80767200
2019-07-12,48.886756896972656,49.05508242635608,48.62224272992631,48.68235925250763,70380800
2019-07-15,49.34605407714844,49.504758927667474,49.05508845762357,49.07672952780047,67789600
2019-07-16,49.175323486328125,49.56247410162017,48.934857356810625,49.19696455737143,67467200
2019-07-17,48.89878463745117,49.31719331799313,48.8795469084621,49.06711017957849,56430000
2019-07-18,49.45426940917969,49.50717225584537,48.98295413958238,49.055094718601254,74162400
2019-07-19,48.71603012084961,49.656253525850616,48.66072394091478,49.48552096706686,83717200
2019-07-22,49.82939147949219,49.831794819859134,48.96130860817309,48.97092563886281,89111600
2019-07-23,50.21894454956055,50.23577893949856,49.84622132281841,50.12756991734035,73420800
2019-07-24,50.178062438964844,50.29348514370552,49.81736327608131,49.93759633037582,59966400
2019-07-25,49.781288146972656,50.31512312993887,49.71155093007627,50.23095853553871,55638400
2019-07-26,49.954429626464844,50.43295482378756,49.810148496778886,49.89190609129754,70475600
2019-07-29,50.42094039916992,50.651789516842044,50.122764722486984,50.12757507285285,86693600
2019-07-30,50.20450973510742,50.536354111861606,49.85102429097048,50.19969938594859,135742800
2019-07-31,51.22890090942383,53.231984141806734,50.81049220631971,52.04167757423722,277125600
2019-08-01,50.1203498840332,52.428826023287826,49.713965237539156,51.43569980814029,216071600
2019-08-02,49.05989074707031,49.639411212184626,48.48517696172439,49.422993207528634,163448400
2019-08-05,46.4917106628418,47.76858495057631,46.30895776439126,47.6098801276261,209572000
2019-08-06,47.37181854248047,47.62911901355669,46.66003731946605,47.205896357464404,143299200
2019-08-07,47.862369537353516,47.987412933098355,46.607139907548586,46.989480114814164,133457600
2019-08-08,48.918025970458984,48.942074052576245,47.94654436200955,48.141321351804,108038000
2019-08-09,48.51491928100586,48.94215880426404,48.104570742537604,48.589746417288495,98478800
2019-08-12,48.39181900024414,48.770787036366336,48.070783439340296,48.184232234665835,89927600
2019-08-13,50.441131591796875,51.20630503224994,48.39181598767111,48.522163128006966,188874000
2019-08-14,48.93975067138672,49.830442653923,48.90112902240945,49.03871726570479,146189600
2019-08-15,48.695945739746094,49.51663530944218,48.196287954496114,49.11111915024991,108909600
2019-08-16,49.844913482666016,50.00422498598846,49.202842526726954,49.309050195608584,110481600
2019-08-19,50.77422332763672,51.34870453125578,50.69698005273818,50.83939319727503,97654400
2019-08-20,50.776634216308594,51.498360850605216,50.76698064882817,50.902152692525824,107537200
2019-08-21,51.32698440551758,51.57077660101619,51.07595111294609,51.41146878225078,86141600
2019-08-22,51.28355407714844,51.76148505124713,50.870792997360844,51.4597603003731,89014800
2019-08-23,48.91319274902344,51.18457709703032,48.517330103465945,50.55215964287231,187272000
2019-08-26,49.84251022338867,50.01147532640068,49.49733523572707,49.69043978909637,104174400
2019-08-27,49.280094146728516,50.339751177221146,49.12802371480747,50.17319854857676,103493200
2019-08-28,49.610774993896484,49.65663773133083,49.07732785981632,49.265603752216656,63755200
2019-08-29,50.45077896118164,50.52560977566885,49.883538772750256,50.327676617695595,83962000
2019-08-30,50.385616302490234,50.79837366125597,50.01388938093695,50.72837514606543,84573600
2019-09-03,49.651817321777344,49.960783128800365,49.29457629800003,49.828023520353845,80092000
2019-09-04,50.49423599243164,50.5642345069654,50.04285698937241,50.30113143476312,76752400
2019-09-05,51.48147201538086,51.648024629695904,51.05422883298523,51.172506234654826,95654800
2019-09-06,51.47664260864258,51.75664399416829,51.29560780159514,51.66733466797025,77449200
2019-09-09,51.6963005065918,52.24423356922281,50.9480254930661,51.85802449677151,109237600
2019-09-10,52.30699920654297,52.326310031519576,51.102516424328385,51.62148149410797,127111600
2019-09-11,53.97010040283203,53.999068478984455,52.55561484229116,52.637686761033,177158400
2019-09-12,53.849403381347656,54.65319832869928,53.79388707442424,54.26216434253562,128906800
2019-09-13,52.801822662353516,53.29423575367592,52.38423670755513,53.10354736328125,159053200
2019-09-16,53.07939910888672,53.13491909652476,52.5145714464053,52.555605556945004,84632400
2019-09-17,53.272518157958984,53.301486236897624,52.891137653208865,53.09389947312638,73274800
2019-09-18,53.77216720581055,53.79147802752684,52.96837220728765,53.359406218345356,101360000
2019-09-19,53.33526611328125,54.011126402538544,53.192849275108436,53.588711880171566,88242400
2019-09-20,52.55561447143555,53.72147916215501,52.49285705934677,53.43665281133341,221652400
2019-09-23,52.794586181640625,53.06493035870428,52.53630804713911,52.85010250018123,76662000
2019-09-24,52.543548583984375,53.70458841613915,52.425274849365564,53.35217231781043,124763200
2019-09-25,53.352169036865234,53.46561782079942,52.413201900566875,52.75354825236944,87613600
2019-09-26,53.07699203491211,53.33044150405339,52.82113009425691,53.10354395421572,75334000
2019-09-27,52.81871795654297,53.33527046730831,52.44699108394318,53.233887732480994,101408000
2019-09-30,54.061832427978516,54.20907424874938,53.29424277248276,53.32079469698778,103909600
2019-10-01,54.21146774291992,55.08767726168748,54.11732980411397,54.3273326546519,139223200
2019-10-02,52.852508544921875,53.967681745148056,52.60388402866276,53.84216325130935,138449200
2019-10-03,53.301475524902344,53.33526854090334,51.92802422607166,52.72457441511836,114426000
2019-10-04,54.79561996459961,54.91148490544862,54.042516264895916,54.46493086010512,138478800
2019-10-07,54.80768585205078,55.50044456107499,54.5132022602144,54.616997468728556,122306000
2019-10-08,54.165611267089844,55.049061984514516,54.14871660081996,54.50837373327863,111820000
2019-10-09,54.80044174194336,54.98388901728139,54.464924052724605,54.80044174194336,74770400
2019-10-10,55.5390739440918,55.62355834225525,54.865625963352564,55.017692723618254,113013600
2019-10-11,57.01631164550781,57.36148291571527,56.074928422540616,56.2294113132563,166795600
2019-10-14,56.93424987792969,57.47977056045112,56.644594866617076,56.700111187020866,96427600
2019-10-15,56.801483154296875,57.36389471691398,56.695275477577944,57.059757565260995,87360000
2019-10-16,56.57217025756836,56.78217314249817,56.28975639489996,56.33079051000604,73903200
2019-10-17,56.79182434082031,57.00182353382027,56.366997328785196,56.74596160139216,67585200
2019-10-18,57.064598083496094,57.34701200099138,56.552870414768286,56.62528508972785,97433600
2019-10-21,58.05424880981445,58.17011375459098,57.284250415446216,57.332525634188215,87247200
2019-10-22,57.92148208618164,58.46217032840311,57.83941017813381,58.21113702782348,82293600
2019-10-23,58.69873046875,58.713216348749675,58.22562818399061,58.438043559363464,75828800
2019-10-24,58.79528045654297,59.0897640487482,58.368037264054614,59.0197618580704,69275200
2019-10-25,59.5194206237793,59.555626113882134,58.626316264002334,58.69390230096949,73477200
2019-10-28,60.11563491821289,60.16391013755824,59.553219589089835,59.72218469838014,96572800
2019-10-29,58.72527313232422,60.284587815120595,58.55148311451977,60.09631191960024,142839600
2019-10-30,58.71803283691406,59.21044955743216,58.22320732815401,59.080102438345776,124522000
2019-10-31,60.045623779296875,60.14459035827578,57.26975672386108,59.67872922036852,139162000
2019-11-01,61.7497673034668,61.776315539223695,60.14217733942509,60.23389913674113,151125200
2019-11-04,62.15528869628906,62.23977308622878,61.64356477961523,62.114250895578095,103272000
2019-11-05,62.06596374511719,62.321825639070696,61.8704467764607,62.04664924388076,79897600
2019-11-06,62.092529296875,62.152874239005016,61.641150308354646,61.979080511017536,75864400
2019-11-07,62.80915451049805,63.03189385122847,62.489574869274925,62.64210185206056,94940400
2019-11-08,62.98106002807617,63.053688413302446,62.18453425736521,62.630005593117765,69986400
2019-11-11,63.47978591918945,63.54515145691067,62.530733281478504,62.53557271034788,81821200
2019-11-12,63.42169189453125,63.62264276434487,63.16990853761131,63.32242816425895,87388800
2019-11-13,64.02935028076172,64.10440205288621,63.206196807227386,63.2207224799973,102734400
2019-11-14,63.5863151550293,64.12862674901018,63.45557668560843,63.8550475432619,89182800
2019-11-15,64.34165954589844,64.34649897344613,63.67587253036038,63.83807832025654,100206400
2019-11-18,64.66610717773438,64.745998404098,63.97126851204114,64.3513669250881,86703200
2019-11-19,64.47000122070312,64.88399779458389,64.25210867594704,64.85978586995721,76167200
2019-11-20,63.7194709777832,64.41914899839321,63.04399749149265,64.28841791467877,106234400
2019-11-21,63.43378829956055,63.91799719185671,63.23283747173048,63.8405219958634,121395200
2019-11-22,63.37808609008789,63.717030753968764,63.150507375387974,63.574190052348946,65325200
2019-11-25,64.48934936523438,64.50629844685929,63.5572459255858,63.60324635374478,84020400
2019-11-26,63.98578643798828,64.68062501950513,63.55241740860979,64.62736174556787,105207600
2019-11-27,64.84524536132812,64.87914352574064,64.23272148942515,64.2980870213688,65235600
2019-11-29,64.702392578125,64.88397085477082,64.37555020247474,64.54502621605309,46617600
2019-12-02,63.954307556152344,64.94451379506343,63.7824154784312,64.70724879218962,94487200
2019-12-03,62.81400680541992,62.833371911830575,62.048955804464484,62.53800416708476,114430400
2019-12-04,63.368404388427734,63.748510076231874,63.11177431106138,63.20619857514677,67181600
2019-12-05,64.29810333251953,64.37316251726821,63.6081114883114,63.864741641186775,74424400
2019-12-06,65.54010009765625,65.61031246389065,64.71452295457874,64.75810737512137,106075600
2019-12-09,64.62254333496094,65.56190268960813,64.13591087336786,65.36822202417328,128042400
2019-12-10,65.00019836425781,65.38514351150229,64.36587856758632,65.02924971296446,90420400
2019-12-11,65.55460357666016,65.63450216356425,65.00502926653556,65.08008103699717,78756800
2019-12-12,65.72167205810547,65.98798843132002,64.71936347511442,64.83072945357088,137310400
2019-12-13,66.61502075195312,66.65133493239513,65.59333994102727,65.72165497088204,133587600
2019-12-16,67.75534057617188,67.98050330577985,67.05808604111581,67.06292546975874,128186000
2019-12-17,67.88851165771484,68.21777017270394,67.49871964004858,67.68514480049657,114158400
2019-12-18,67.72628021240234,68.24922658541561,67.5761766716044,67.7408058848383,116028400
2019-12-19,67.79407501220703,68.07491701766699,67.53502890572648,67.66818337738994,98369200
2019-12-20,67.65367126464844,68.43082451674849,67.44061815652887,68.32914478051804,275978000
2019-12-23,68.75767517089844,68.81820129340804,67.8788346899083,67.91757229492757,98572000
2019-12-24,68.82303619384766,68.97314717408389,68.49620106456034,68.92472332388611,48478800
2019-12-26,70.1884994506836,70.2054485347973,68.92713738051157,68.95618873131151,93121200
2019-12-27,70.16187286376953,71.17145176052892,69.7551391250006,70.48145253927747,146266000
2019-12-30,70.57828521728516,70.86155066913318,69.05303016763328,70.07955065116069,144114400
2019-12-31,71.0939712524414,71.10123409050465,70.09407867790037,70.1933423903923,100805600
2020-01-02,72.71607208251953,72.77659819422657,71.46681225027338,71.72101896406637,135480400
2020-01-03,72.00912475585938,72.7717522953066,71.78396939069293,71.94133580542943,146322800
2020-01-06,72.58287811279297,72.62161569377147,70.87604547266926,71.1278360548105,118387200
2020-01-07,72.24153900146484,72.84921605109494,72.02122310005907,72.59258596559819,108872000
2020-01-08,73.40364837646484,73.70627893727402,71.943758846659,71.943758846659,132079200
2020-01-09,74.96278381347656,75.15646437101954,74.13236752506255,74.38415077218049,170108400
2020-01-10,75.13227081298828,75.69880172853615,74.62869680726308,75.19764374317383,140644800
2020-01-13,76.73741912841797,76.76405445807666,75.33079296168272,75.44942915816804,121532000
2020-01-14,75.70120239257812,76.88509646087522,75.57773417210761,76.67446681398555,161954400
2020-01-15,75.3768081665039,76.38396369325629,74.94343907710318,75.50028381601487,121923600
2020-01-16,76.32101440429688,76.4323877854954,75.55838676505513,75.92154348740286,108829200
2020-01-17,77.16594696044922,77.16836298058836,76.26289478458983,76.57036474816839,137816400
2020-01-21,76.64300537109375,77.23615682397768,76.50500406521856,76.79310894375465,110843200
2020-01-22,76.91658020019531,77.47099402402007,76.82215592624772,77.1296258918447,101832400
2020-01-23,77.28699493408203,77.3668861399878,76.42025699227077,76.96983874202517,104472000
2020-01-24,77.06427001953125,78.27963174807223,76.8730054274966,77.5339532626897,146537600
2020-01-27,74.79818725585938,75.48091632174767,73.81282018047104,75.06691970090553,161940000
2020-01-28,76.91416931152344,77.08606141566885,75.5825947326495,75.68185845150586,162234000
2020-01-29,78.52415466308594,79.37394362780475,77.80752757594179,78.55078999397739,216229200
2020-01-30,78.41036987304688,78.46363314950943,77.17079622640016,77.60416527632543,126743200
2020-01-31,74.93376159667969,78.12227353000715,74.63839382912653,77.69859068080466,199588400
2020-02-03,74.72795867919922,75.89731989448796,73.16880546652003,73.67237945985059,173788400
2020-02-04,77.19500732421875,77.3862719133486,75.93122176752728,76.33795548064964,136616400
2020-02-05,77.82447052001953,78.62583557722229,77.21920945636545,78.32562106551018,118826800
2020-02-06,78.73479461669922,78.73721802576215,77.53638189287197,78.0956426416798,105425600
2020-02-07,77.66456604003906,78.48239314790939,77.17192792843306,78.23243405494627,117684000
2020-02-10,78.03345489501953,78.03345489501953,76.1648304301874,76.24491126763228,109348800
2020-02-11,77.56265258789062,78.60374785280499,77.34424291008455,78.53094709552873,94323200
2020-02-12,79.40457916259766,79.40943007689862,78.01402569685219,78.01402569685219,113730400
2020-02-13,78.83914184570312,79.16676004463604,78.47027235558737,78.67412186901794,94747600
2020-02-14,78.8585433959961,79.10850246780329,78.34891601878451,78.80757547409223,80113600
2020-02-18,77.41461181640625,77.59662109183667,76.34924730268484,76.53125657811528,152531200
2020-02-19,78.5357894897461,78.76633753940254,77.65729255269991,77.65729255269991,93984000
2020-02-20,77.73009490966797,78.78575023333428,77.22289659591061,78.29554123010857,100566000
2020-02-21,75.9706802368164,77.766511287534,75.35185156797284,77.32240444012415,129554000
2020-02-24,72.36202239990234,73.81809639904387,70.19004979476811,72.13876186738017,222195200
2020-02-25,69.91094970703125,73.41766354957142,69.43773019101052,73.034234061443,230673600
2020-02-26,71.02002716064453,72.28924134156426,69.5275523864246,69.53483246216315,198054800
2020-02-27,66.37755584716797,69.4061923618355,66.24165620285358,68.21706677109698,320605600
2020-02-28,66.33873748779297,67.56427105877654,62.21562305087625,62.431610947009084,426510000
2020-03-02,72.51492309570312,73.15317015362184,67.39682304876307,68.50343887480543,341397200
2020-03-03,70.2118911743164,73.77441717355254,69.35765634090362,73.69433636090781,319475600
2020-03-04,73.46863555908203,73.62880458228122,71.13649400429283,71.93976087414214,219178400
2020-03-05,71.0855484008789,72.69450423193115,70.7191006767236,71.71650798671432,187572800
2020-03-06,70.14151763916016,70.5759151634938,68.24862422437134,68.43548440571074,226176800
2020-03-09,64.59387969970703,67.48660954634035,63.82458392757783,64.00659319733327,286744800
2020-03-10,69.24604034423828,69.5129887846972,65.37045555760074,67.25607654604191,285290000
2020-03-11,66.8410873413086,68.24620108036899,65.97472137640763,67.31674360006403,255598800
2020-03-12,60.240211486816406,65.52333473547242,60.18439634961911,62.11126834135515,418474000
2020-03-13,67.45750427246094,67.93073144161406,61.38567264424702,64.28326515957993,370732000
2020-03-16,58.7792854309082,62.873275496652674,58.242963182289955,58.716186517548486,322423600
2020-03-17,61.36381530761719,62.516536915107906,57.854675154192996,60.06548110830406,324056000
2020-03-18,59.86163330078125,60.66975488014331,57.54404792376218,58.18714954728448,300233600
2020-03-19,59.402957916259766,61.358949819871114,58.87634499628649,60.03635017539576,271857200
2020-03-20,55.63174057006836,61.11385881136198,55.330817248448476,59.98539913252844,401693200
2020-03-23,54.449886322021484,55.452151782075894,51.59598260057971,55.35022704591594,336752800
2020-03-24,59.9126091003418,60.10917855165599,56.859706000541046,57.35962428486816,287531200
2020-03-25,59.58255386352539,62.67185674280047,59.286485163699844,60.85176409780143,303602000
2020-03-26,62.717960357666016,62.77620094683011,59.78639763980699,59.82522716790813,252087200
2020-03-27,60.12130355834961,62.09428153233142,59.95385443702902,61.33712415208677,204216800
2020-03-30,61.837032318115234,62.0093360288493,60.52413810477868,60.84933076285512,167976400
2020-03-31,61.710845947265625,63.70081315714961,61.15511262455559,62.02875857181586,197002000
2020-04-01,58.463802337646484,60.35912485054445,58.03183398758983,59.82037714150967,176218400
2020-04-02,59.439369201660156,59.49275888105111,57.49065701285396,58.32547341461665,165934000
2020-04-03,58.58514404296875,59.62623542608821,57.99300663222972,58.92246773803886,129880000
2020-04-06,63.695953369140625,63.85126406814097,60.519286350194704,60.888155740548534,201820400
2020-04-07,62.958221435546875,65.93589798982386,62.85387122600371,65.71748092950824,202887200
2020-04-08,64.56961822509766,64.88509803559353,63.395052482452144,63.76149282104844,168895200
2020-04-09,65.03556060791016,65.54033721316215,64.2371518120858,65.20786807728709,161834800
2020-04-13,66.31205749511719,66.42126604167221,64.51137549316124,65.1132222675946,131022800
2020-04-14,69.6610107421875,69.95222853281514,67.47689953040836,67.95012658868427,194994800
2020-04-15,69.02517700195312,69.48626555936471,68.10299988712995,68.53253899378625,131154400
2020-04-16,69.57366180419922,69.94010956261418,68.52043554980419,69.74111095168836,157125200
2020-04-17,68.62963104248047,69.63675500516926,67.1881169210457,69.08829799292641,215250000
2020-04-20,67.20510864257812,68.35783414900595,67.18569757688921,67.4526460174679,130015200
2020-04-21,65.12776947021484,67.28276042085989,64.41429253639382,67.0473614677832,180991600
2020-04-22,67.00366973876953,67.44048895263322,66.05722317141493,66.39939402555568,116862400
2020-04-23,66.7440185546875,68.37482206031547,66.70518901812768,66.94786806714389,124814400
2020-04-24,68.67090606689453,68.68061530468776,67.22211152585625,67.27065030884393,126161200
2020-04-27,68.71942138671875,69.05189045933044,67.93799464568525,68.38694490813113,117087600
2020-04-28,67.60552215576172,69.36494515545422,67.51331034369456,69.18293587962397,112004800
2020-04-29,69.82604217529297,70.29684010085327,68.89415555935265,69.0980050622793,137280800
2020-04-30,71.29908752441406,71.47624586127782,69.97649141267905,70.36720104938254,183064000
2020-05-01,70.15121459960938,72.56101509610286,69.36978798695081,69.46685809785768,240616800
2020-05-04,71.14378356933594,71.27240315582554,69.48385993378157,70.17549663342325,133568000
2020-05-05,72.2115707397461,73.04638718577591,71.45926427424553,71.60487317175793,147751200
2020-05-06,72.95659637451172,73.58998507405805,72.52947892116252,72.91533768168664,142333600
2020-05-07,73.71131896972656,74.05835557711725,73.28177979492443,73.58512855265982,115215200
2020-05-08,75.46577453613281,75.51930873875061,74.04469357012428,74.37319856682336,133838400
2020-05-11,76.65325927734375,77.14965926401848,74.7625342106639,74.97180698726206,145946400
2020-05-12,75.77725219726562,77.79207364909227,75.65558421726155,77.33946490194451,162301200
2020-05-13,74.8623046875,76.88199755928032,73.78189245874619,75.95731647939719,200622400
2020-05-14,75.32221221923828,75.38304620688119,73.37308887883164,74.09823268490378,158929200
2020-05-15,74.87691497802734,74.92314940994656,73.0518950634004,73.08596566629879,166348400
2020-05-18,76.6410903930664,77.01582984347145,75.51201542213853,76.20552437986748,135178400
2020-05-19,76.19823455810547,77.50737593072427,76.16659969162133,76.65813571214994,101729600
2020-05-20,77.68013000488281,77.75069207639052,77.02068430144911,77.05961894056877,111504800
2020-05-21,77.10099792480469,78.08407725078851,76.86252601832638,77.54143540411926,102688800
2020-05-22,77.59741973876953,77.68015308672346,76.73600822909283,76.83820518937846,81803200
2020-05-26,77.0718002319336,78.89924821688763,77.01583028852903,78.71918198527375,125522000
2020-05-27,77.4075927734375,77.55359582351838,76.1860490206754,76.92822809774341,112945200
2020-05-28,77.44165802001953,78.70457206303743,76.80411908559893,77.0815181781685,133560800
2020-05-29,77.36622619628906,78.14733245248436,77.00852208206489,77.6849956705814,153532400
2020-06-01,78.31768798828125,78.43935598036309,77.18860545726987,77.32000896800524,80791200
2020-06-02,78.68023681640625,78.70457189402366,77.60712449987925,78.04999766403765,87642800
2020-06-03,79.1133804321289,79.37618740858451,78.42717129207927,79.00144797787304,104491200
2020-06-04,78.4320297241211,79.2350352304067,78.05729035571069,78.93573682356579,87560400
2020-06-05,80.6658706665039,80.72670465644849,78.65348495250613,78.68268407951567,137250400
2020-06-08,81.14279174804688,81.17686234047467,79.6487130986334,80.36168554392373,95654400
2020-06-09,83.70513153076172,84.09933458379527,80.7899715861673,80.82160644800746,147712400
2020-06-10,85.85865783691406,86.32829444981938,84.21614013366542,84.65657762001017,166651600
2020-06-11,81.73654174804688,85.42551553412683,81.63434481058569,84.99967763398335,201662400
2020-06-12,82.44221496582031,84.63223846471662,81.32773960827684,83.88276702365586,200146000
2020-06-15,83.4617919921875,84.1163662672843,80.92866395631923,81.09170230417108,138808800
2020-06-16,85.67374420166016,85.9462867868449,83.88279462660299,85.52287705469922,165428800
2020-06-17,85.55448150634766,86.48159083556952,85.43281353741015,86.42075685110076,114406400
2020-06-18,85.58855438232422,86.00709250366052,84.97777878565866,85.51068509788405,96820400
2020-06-19,85.0994644165039,86.76388173016507,83.98741713778654,86.29668077862434,264476000
2020-06-22,87.32598114013672,87.469548475875,85.44742709501291,85.49366152486377,135445200
2020-06-23,89.18992614746094,90.61344295119446,88.1533126161021,88.57428648623221,212155600
2020-06-24,87.61554718017578,89.73987283324034,87.24080771386359,88.81762744432615,192623200
2020-06-25,88.77870178222656,88.81763643178542,87.00965180666661,87.77129464423196,137522400
2020-06-26,86.0508804321289,88.89547786008215,85.90244166309822,88.67404128728082,205256800
2020-06-29,88.03409576416016,88.12900036647599,85.47906782275209,85.95844002880014,130646000
2020-06-30,88.76895141601562,89.0560934802323,87.60094182870904,87.62040543722048,140223200
2020-07-01,88.6010513305664,89.39189318717276,88.55238859500506,88.84682302233178,110737200
2020-07-02,88.6010513305664,90.14867187148857,88.48669056028642,89.51113285524976,114041600
2020-07-06,90.97114562988281,91.44078222719904,90.00266588363523,90.03430074503379,118655600
2020-07-07,90.68887329101562,92.13185365235528,90.57694083639849,91.35074735374833,112424400
2020-07-08,92.8010482788086,92.83268314668187,91.58193255368658,91.66953737441453,117092000
2020-07-09,93.20010375976562,93.75003795219516,92.14889068283713,93.6965037466287,125642800
2020-07-10,93.36314392089844,93.42154960385396,92.18053466189855,92.79373863774762,90257200
2020-07-13,92.93245697021484,97.29060582388549,92.71832009209864,94.67230796587039,191649200
2020-07-14,94.47032165527344,94.66255171537146,91.37508797222462,92.31192546978035,170989200
2020-07-15,95.12002563476562,96.60194074558854,93.91794539378512,96.35130500289155,153198000
2020-07-16,93.94957733154297,94.8085529497705,93.3485372297674,93.98851197519926,110577600
2020-07-17,93.7597885131836,94.55793025313056,93.28528036834479,94.40219908305615,92186800
2020-07-20,95.73567199707031,95.87437528671072,93.50184950233145,93.8473898583791,90318000
2020-07-21,94.41436004638672,96.60438386189568,94.16372428454169,96.52895030233236,103433200
2020-07-22,94.67958068847656,95.36335409074172,94.02744214680403,94.11503952134649,89001600
2020-07-23,90.37010955810547,94.48978555792418,89.55736834691913,94.41191626887031,197004400
2020-07-24,90.14623260498047,90.4917729162458,86.76872848149942,88.56212064394785,185438800
2020-07-27,92.28273010253906,92.37519895851747,90.98818839691468,91.21205332883926,121214000
2020-07-28,90.7667465209961,92.02966071554671,90.7618750492638,91.85202279586937,103625600
2020-07-29,92.50658416748047,92.6915218428662,91.21447102735182,91.25096993011928,90329200
2020-07-30,93.62594604492188,93.73057872513968,91.26802000602063,91.67682263526055,158130000
2020-07-31,103.42752075195312,103.57838786224833,98.13739181757805,100.142485220989,374336800
2020-08-03,106.03364562988281,108.66167105374215,105.01650308916155,105.31580157029778,308151200
2020-08-04,106.74175262451172,107.83676443958547,105.49830201297321,106.22344584387962,173071600
2020-08-05,107.12864685058594,107.44985207142959,105.9947004868368,106.46190875588427,121776800
2020-08-06,110.86628723144531,111.36269464253704,106.87071514088169,107.46201970975673,202428800
2020-08-07,108.34567260742188,110.8443633796673,107.5460918578799,110.38606573552487,198045600
2020-08-10,109.92042541503906,110.94184176665887,107.260843161199,109.79609796621773,212403600
2020-08-11,106.65141296386719,109.6815301798731,106.39057229413092,109.18179510632157,187902400
2020-08-12,110.19590759277344,110.45430815645663,107.55095084699191,107.74596761374468,165598000
2020-08-13,112.14611053466797,113.15290119524892,111.09056196029391,111.58055146808589,210082000
2020-08-14,112.04618072509766,112.1363761852012,110.23005600459332,111.97061115369122,165565200
2020-08-17,111.75362396240234,113.19677333095444,111.12468856587184,113.17239437524739,119561600
2020-08-18,112.68485260009766,113.11145831572809,111.1685737018232,111.50498397074077,105633600
2020-08-19,112.82623291015625,114.2450033462818,112.73116465257537,113.09438654850844,145538000
2020-08-20,115.32979583740234,115.44437022786464,112.85060421374463,112.86767022580362,126907200
2020-08-21,121.27304077148438,121.7581500452213,116.28053222340992,116.29271798267843,338054800
2020-08-24,122.72350311279297,125.5781103847472,120.85131508513315,125.49278030711304,345937600
2020-08-25,121.71668243408203,122.06284571800214,119.98832102047098,121.5923624186603,211495600
2020-08-26,123.37194061279297,123.83023825240734,121.96779591940656,123.03797045440116,163022400
2020-08-27,121.89710235595703,124.31047038391692,120.74891816931488,123.97650023718222,155552400
2020-08-28,121.69963836669922,123.2939194462389,121.47536238371781,122.8746266915099,187630000
2020-08-31,125.82673645019531,127.73793655138815,122.86244278988478,124.40310060397898,225702700
2020-09-01,130.83872985839844,131.44330113966103,127.279625733532,129.45409155934158,151948100
2020-09-02,128.12794494628906,134.54409526224742,123.8375172300071,134.16380741866254,200119000
2020-09-03,117.86992645263672,125.63171109830371,117.49939163024852,123.74977777668435,257599600
2020-09-04,117.94795227050781,120.61972095191703,108.12870745933931,117.08011491662583,332607200
2020-09-08,110.0106430053711,116.02700063472479,109.87412977263537,111.11250193799896,231366600
2020-09-09,114.39859008789062,116.17326959342994,112.38988895508609,114.34008654092767,176940500
2020-09-10,110.6639633178711,117.49940814881735,109.69861756632326,117.3628949087768,182274400
2020-09-11,109.21107482910156,112.36064749260446,107.26087706429617,111.71707865929991,180860300
2020-09-14,112.48738098144531,113.04318691497308,109.99113081534341,111.86331843991984,140150100
2020-09-15,112.66291809082031,115.87099408811736,110.78097707840637,115.38344468012839,184642000
2020-09-16,109.33782196044922,113.11145686330157,109.25006664242188,112.36063408677491,154679000
2020-09-17,107.5924072265625,109.40609174489231,106.0029987247634,106.98785068006195,178011000
2020-09-18,104.17953491210938,108.11893430232509,103.44821093361564,107.65089112215993,287104900
2020-09-21,107.3388900756836,107.44615155121396,100.53269639295027,101.93684120759194,195713800
2020-09-22,109.0257797241211,110.0496363016209,106.44177420460605,109.874118243747,183055400
2020-09-23,104.45256805419922,109.31830814093878,104.1112775817434,108.84051189467765,150718700
2020-09-24,105.52519226074219,107.5046416144481,102.38537296614106,102.55113797500798,167743300
2020-09-25,109.48408508300781,109.64010445196426,104.98887930687886,105.72995643059598,149981400
2020-09-28,112.09734344482422,112.44837956504263,109.97162802324053,112.1461013546261,137672400
2020-09-29,111.24901580810547,112.43863750540089,110.74196771781253,111.69756779185069,99382200
2020-09-30,112.92619323730469,114.34009100590049,110.79073185621964,110.95649687203007,142675200
2020-10-01,113.88178253173828,114.78862465587767,112.94568863575778,114.71061497135939,116120400
2020-10-02,110.20565795898438,112.49714598356358,109.42558341904119,110.07889779908955,144712000
2020-10-05,113.59900665283203,113.74527295614752,110.72246825841832,111.07350441061017,106243800
2020-10-06,110.34217834472656,113.22846975785129,109.45483490950848,112.81892262806667,161498200
2020-10-07,112.21436309814453,112.67266068936267,111.2880148454192,111.76581857721544,96849000
2020-10-08,112.10710906982422,113.5015006370164,111.73656676842208,113.35523433064257,83477200
2020-10-09,114.05728912353516,114.08654089243238,112.05833393555243,112.40937004114366,100506900
2020-10-12,121.30229949951172,122.0628754189247,116.30979066521708,117.07036658463008,240226800
2020-10-13,118.0844497680664,122.26762403724531,116.67055964456534,122.15060951635888,262330500
2020-10-14,118.17220306396484,119.966380937534,116.64129854206064,117.98693194723751,150712000
2020-10-15,117.70417022705078,118.18196653560398,115.20791978630072,115.76372578098064,112559200
2020-10-16,116.05624389648438,118.52324985437662,115.85147406239771,118.25996903954183,115393800
2020-10-19,113.09197998046875,117.42141427827691,112.77994861270406,116.9728696520786,120639300
2020-10-20,114.58385467529297,116.01725100908146,112.75066428839048,113.3064702709398,124423700
2020-10-21,113.95979309082031,115.75397121203213,113.55024596366279,113.76476887802791,89946000
2020-10-22,112.86768341064453,115.10066050216787,111.7365652586778,114.52534835538113,101988000
2020-10-23,112.17535400390625,113.64775510639481,111.4342769177023,113.49173574533604,82572600
2020-10-26,112.18511962890625,113.64776782516624,110.0691495843626,111.17101598676972,111850700
2020-10-27,113.69650268554688,114.35957007435778,111.68780181918402,112.61414257382006,92276800
2020-10-28,108.43099212646484,112.55566364874979,108.33348372666579,112.18512875374776,143937800
2020-10-29,112.44839477539062,114.01830445888464,109.40608380178328,109.57185625388539,146129200
2020-10-30,106.14924621582031,109.20130250137127,105.03763428104902,108.29446040306703,190272600
2020-11-02,106.0615005493164,107.92394295724235,104.64761016714455,106.3930380327763,122866900
2020-11-03,107.68991088867188,108.71376013684448,106.0224928792937,106.9293350359113,107624400
2020-11-04,112.08760070800781,112.71166332605715,109.55234539225575,111.29777308441078,138235500
2020-11-05,116.06600189208984,116.64131401748298,113.95979248109225,115.01289346688455,126387100
2020-11-06,115.93415069580078,116.4323036892573,113.43358602193297,115.5727390073877,114457900
2020-11-09,113.6191635131836,119.15750989185466,113.35543592706722,117.70210831549566,154515300
2020-11-10,113.27729797363281,114.85967848302198,111.48001699164712,112.86705172692065,138023400
2020-11-11,116.71556854248047,116.85231729677409,113.73639073565728,114.46897654176517,112295000
2020-11-12,116.44205474853516,117.73140528886907,115.81691554426702,116.84253851027572,103162300
2020-11-13,116.49090576171875,116.8913821021024,115.13318074907436,116.66672664224632,81581900
2020-11-16,117.50676727294922,118.18074115273141,115.40668645392178,116.15880460888832,91183000
2020-11-17,116.61788940429688,117.86816796066498,116.19787325311871,116.7741779499669,74271000
2020-11-18,115.28947448730469,117.03791358767974,115.26017224604259,115.85600932586726,76322100
2020-11-19,115.88532257080078,116.29556889192155,114.09781116159698,114.85969931574961,74113000
2020-11-20,114.6155014038086,116.01229880538133,114.5666668155957,115.88531993332893,73604300
2020-11-23,111.20652770996094,114.88899666218843,111.10885108956266,114.45921058973786,127959300
2020-11-24,112.4958724975586,113.16008391412161,109.97577558304761,111.26513373188881,113874200
2020-11-25,113.3359146118164,114.03919822578274,112.49588223427314,112.86706383733798,76499200
2020-11-27,113.88289642333984,114.76200083857178,113.52149221259015,113.86336408177817,46691300
2020-11-30,116.28578186035156,118.16119960518925,114.09778703912657,114.25407557732021,169410200
2020-12-01,119.87056732177734,120.60315308283555,117.22349166609008,118.20027268083436,127728200
2020-12-02,120.22222137451172,120.50548879201791,118.08306834880034,119.1868283254981,89004200
2020-12-03,120.0854721069336,120.90596466265619,119.37241861729504,120.65199948730223,78967600
2020-12-04,119.4114761352539,120.00731313587139,118.69842273292154,119.7533479916129,78260400
2020-12-07,120.87664031982422,121.67760038587379,119.41146892200817,119.47007339320174,86712000
2020-12-08,121.49202728271484,122.07810188882368,120.23197880317792,121.48226483759503,82225500
2020-12-09,118.952392578125,123.02556768253118,118.19050456748764,121.63854040920427,115089200
2020-12-10,120.37849426269531,120.99387109234236,117.36024440160968,117.7021162779425,81312200
2020-12-11,119.56777954101562,119.90965143989179,117.75096607584693,119.58731188427349,86939800
2020-12-14,118.952392578125,120.48593849632398,118.71796721767839,119.75335272421145,79184500
2020-12-15,124.91075897216797,124.93029876658031,121.24783000590143,121.4529531337426,157243700
2020-12-16,124.84239196777344,125.38938700764821,123.62141557358976,124.45168548343347,98208600
2020-12-17,125.71170806884766,126.571280093327,125.06702905048816,125.9070612822762,94359800
2020-12-18,123.71908569335938,126.10243373072133,123.19162305629168,125.96568498617573,192541500
2020-12-21,125.25263977050781,125.3307840492253,120.58362717474307,122.11717324639278,121251600
2020-12-22,128.81787109375,131.2891256020313,126.63963893467688,128.5541360749688,168904800
2020-12-23,127.91925048828125,129.355104892956,127.74342215221154,129.09138474559504,88223700
2020-12-24,128.90579223632812,130.36120131987872,128.0559975194573,128.27089053594116,54930100
2020-12-28,133.51622009277344,134.1511218894807,130.41004823158806,130.87891392295424,124486200
2020-12-29,131.73843383789062,135.56741313736748,131.2207411586561,134.84460481779132,121047300
2020-12-30,130.61517333984375,132.83247066876245,130.30259622541593,132.43198683008825,96452100
2020-12-31,129.60906982421875,131.61147380180907,128.66159108708325,130.9667947818931,99116600
2021-01-04,126.40522003173828,130.5076968368651,123.81674915248705,130.41979013281448,143301900
2021-01-05,127.96806335449219,128.6811241595061,125.44796678465465,125.8972925672046,97664900
2021-01-06,123.66046905517578,128.0071488340126,123.44557604986173,124.75446642211676,155088000
2021-01-07,127.88013458251953,128.57365547614697,124.89118785865705,125.3795782358762,109578200
2021-01-08,128.9839324951172,129.55046725691102,127.20618394212671,129.35509913564104,105158200
2021-01-11,125.98521423339844,127.1475860544949,125.51636350795053,126.1903448095608,100384500
2021-01-12,125.80938720703125,126.67872164160659,123.91442981145272,125.5163499461026,91951100
2021-01-13,127.85083770751953,128.39783256819823,125.50656976047019,125.77028984398105,88636800
2021-01-14,125.91685485839844,127.95832377513628,125.77032875107238,127.76297053653161,90221800
2021-01-15,124.18793487548828,127.19642212299213,124.05118613262425,125.78985510810772,111598500
2021-01-19,124.86192321777344,125.72149530988855,123.9925886807919,124.81308118444944,90757300
2021-01-20,128.96438598632812,129.41371177555757,125.56519249707169,125.67263899637693,104319500
2021-01-21,133.6920166015625,136.42700650318062,130.48817597250854,130.69330654954064,120150900
2021-01-22,135.84092712402344,136.6028150348242,131.88496149210033,133.11570006235684,114459400
2021-01-25,139.60153198242188,141.72114486140973,133.36966473426315,139.74805806803522,157611700
2021-01-26,139.83596801757812,140.94949773337214,138.08752172506703,140.26575403148016,98390600
2021-01-27,138.76148986816406,140.94948441192093,137.14980737284998,140.09967490857025,140843800
2021-01-28,133.9069061279297,138.6931420569465,133.52596212723918,136.28049175107478,142621100
2021-01-29,128.89601135253906,133.56502276186197,127.18664481426623,132.67614858488167,177523800
2021-02-01,131.025390625,132.2366043185905,127.88991734702876,130.64444666641413,106239800
2021-02-02,131.85565185546875,133.144994822716,131.4844703643024,132.5784601431174,83305400
2021-02-03,130.83006286621094,132.61757406703313,130.5077233148007,132.60779671715912,89880900
2021-02-04,134.19992065429688,134.209683097199,131.46493128791656,133.13523310274124,84183100
2021-02-05,133.78419494628906,134.42983740127244,132.9037842725981,134.3613683130723,75693800
2021-02-08,133.93093872070312,133.979853741386,131.98423434096625,133.07008212234413,71297200
2021-02-09,133.05050659179688,134.8798267734332,132.8939994307771,133.64723399056535,76774200
2021-02-10,132.4440155029297,134.0092066849529,131.47555177979126,133.5102943457137,73046600
2021-02-11,132.18963623046875,133.42221381866224,130.8592286269798,132.94287062653802,64280000
2021-02-12,132.4244384765625,132.58096057062542,130.78100126920737,131.4266437121405,60145100
2021-02-16,130.29188537597656,133.05051647602303,129.90058012743768,132.54184204307595,80576300
2021-02-17,127.99298095703125,129.3429575974332,126.65279627456941,128.39406313668186,97918500
2021-02-18,126.88760375976562,127.17128698603346,124.63764723542835,126.38869146538119,96856700
2021-02-19,127.04411315917969,127.86584668005416,125.99740338670905,127.40607236333011,87668800
2021-02-22,123.25831604003906,126.89737227917206,122.86701830596542,125.22457427942261,103916400
2021-02-23,123.1213607788086,123.95286378441952,115.8139024055986,121.06705704042179,158273000
2021-02-24,122.62245178222656,122.82788140267746,119.57034603451814,122.22137703659854,111039900
2021-02-25,118.35734558105469,123.70832364732854,117.91714023140678,121.96705631635206,148199500
2021-02-26,118.6214599609375,122.13334021289873,118.56276044849312,119.92251431654658,164560400
2021-03-01,125.00936126708984,125.1463143475527,120.11815849803577,121.05726853408818,116307900
2021-03-02,122.39747619628906,125.91914114090521,122.28986912474551,125.61588891931011,102260900
2021-03-03,119.404052734375,122.97463264092775,119.18883859473966,122.09421455304867,112966300
2021-03-04,117.51605987548828,120.91055650866424,116.038921700727,119.10081259436319,178155000
2021-03-05,118.77796936035156,119.28665864113772,115.01174462231236,118.34754858051326,153766600
2021-03-08,113.82807922363281,118.36711510668628,113.68134163784862,118.29863856177148,154376600
2021-03-09,118.4551773071289,119.40407209663651,116.20522789924065,116.44000360628439,129525800
2021-03-10,117.36930847167969,119.51165027406911,116.8508346932734,119.04209897356596,111943300
2021-03-11,119.30623626708984,120.52903715634345,118.62147075446155,119.87361767091576,103026500
2021-03-12,118.39646911621094,118.5334222152771,116.56716380866244,117.78018017041316,88105100
2021-03-15,121.29205322265625,121.30183771867131,117.79973448364598,118.76819807777808,92403800
2021-03-16,122.83768463134766,124.45178328205833,122.00618152746164,122.96485323576835,115227900
2021-03-17,122.04529571533203,123.12135885064626,119.6779478615808,121.35074580559845,111932600
2021-03-18,117.90735626220703,120.49969573928057,117.70192660055912,120.20622052927806,121229700
2021-03-19,117.37909698486328,118.787765950923,117.07584476265258,117.2910589061766,185549500
2021-03-22,120.70510864257812,121.17466742071305,117.64321821066616,117.71169475504172,111912300
2021-03-23,119.8736343383789,121.53664079363773,119.48233650673407,120.64644550344647,95467100
2021-03-24,117.4769058227539,120.22576688443581,117.45734429535013,120.14750584805427,88530500
2021-03-25,117.96603393554688,119.0127585740185,116.41063491697949,116.93888575254493,98844700
2021-03-26,118.57255554199219,118.8366847131395,116.3323834208923,117.731267934474,94071200
2021-03-29,118.7486343383789,119.91274312400247,118.10299937711603,119.00297900233532,80819200
2021-03-30,117.29106903076172,117.78018941248851,116.27369774116383,117.49649869548081,85671900
2021-03-31,119.49210357666016,120.83228856558793,118.51386287192022,119.00298322429019,118323800
2021-04-01,120.32359313964844,121.47791733984869,119.82468834663912,120.96923551452913,75089100
2021-04-05,123.16049194335938,123.41483658685715,120.3920692786332,121.17466473706477,88651200
2021-04-06,123.46376037597656,124.3637400471671,122.91594796105788,123.74745108038357,80171300
2021-04-07,125.11697387695312,125.13653540500879,122.41702773888204,123.09201613924569,83466700
2021-04-08,127.52339172363281,127.55273773518232,125.7234333570459,126.14406947376276,88844600
2021-04-09,130.10601806640625,130.1451411281215,126.65282945773264,126.97565069226758,106686700
2021-04-12,128.38430786132812,129.9592758997672,127.78758046970171,129.6364546951069,91420000
2021-04-13,131.5048828125,131.7298889082425,129.05928119869824,129.5581934810451,91266500
2021-04-14,129.15711975097656,132.06249585390395,128.79517546483183,132.0038037995852,87222800
2021-04-15,131.57334899902344,132.06246925552537,130.73206156076947,130.90815261502829,89347100
2021-04-16,131.2407684326172,131.73966578761528,130.37991188899602,131.37772152575985,84922400
2021-04-19,131.90594482421875,132.52224111291792,130.4385840810419,130.60488317405677,94264200
2021-04-20,130.21360778808594,132.5809482656911,128.9418920136985,132.08205092978312,94812300
2021-04-21,130.5951690673828,130.83972930908203,128.4430419257842,129.47997496230528,68847100
2021-04-22,129.069091796875,131.23099557668175,128.55062537401983,130.1451477062781,84566500
2021-04-23,131.39727783203125,132.17985833056576,129.28427466174912,129.28427466174912,78657500
2021-04-26,131.78860473632812,132.12120303338915,130.65384180036304,131.89621182382086,66905100
2021-04-27,131.4657745361328,132.46358428625007,131.1918683187311,132.07227902798383,66015800
2021-04-28,130.6733856201172,132.0820545207044,130.18426530334483,131.38749710310995,107760100
2021-04-29,130.5755615234375,134.08745690189525,129.567974819212,133.50050652437227,151101000
2021-04-30,128.59951782226562,130.65381415781053,128.21800457946676,128.91254705716273,109839500
2021-05-03,129.656005859375,131.1527277481315,128.96146337467013,129.16688554691402,75135100
2021-05-04,125.06807708740234,128.62888024649274,123.94309874398557,128.33540503920676,137564700
2021-05-05,125.31263732910156,127.61149397563412,125.18546126388162,126.38869312319078,84000900
2021-05-06,126.91695404052734,126.92673107390986,124.36373774806538,125.10720277127093,78128300
2021-05-07,127.59309387207031,128.62197939641553,126.87775437814886,128.2202307892884,78973300
2021-05-10,124.30059814453125,126.9365300969227,124.26140115764763,126.80915297265736,88071200
2021-05-11,123.37950134277344,123.73225929039904,120.30260126371391,121.01793322731803,126142800
2021-05-12,120.3025894165039,122.13500921597532,119.79304356361403,120.91993258519142,112172300
2021-05-13,122.45838165283203,123.6146665716941,121.76265197362714,122.07622038504428,105861300
2021-05-14,124.88854217529297,125.31970156938155,123.32070002778138,123.71266243367454,81918000
2021-05-17,123.73226165771484,124.37900077220148,122.65437060963178,124.27121091978704,74244600
2021-05-18,122.34080505371094,124.43779545294035,122.27221218928985,124.01643714976464,63342900
2021-05-19,122.18402099609375,122.40939434000599,120.39079798085203,120.68477166324163,92612000
2021-05-20,124.75135803222656,125.15312155926449,122.585774870456,122.71316695271737,76857100
2021-05-21,122.9091567993164,125.4275056368896,122.6935770778331,125.25112290804525,79295400
2021-05-24,124.54557037353516,125.36869212394858,123.4088876885631,123.47748054475917,63092900
2021-05-25,124.3495864868164,125.7410532457544,123.78124143570513,125.25109468619691,72009500
2021-05-26,124.30059814453125,124.82974625336892,123.87923988060832,124.40838798944601,56575900
2021-05-27,122.76215362548828,125.07472355131192,122.56617616440937,123.89884383271658,94625600
2021-05-28,122.1056137084961,123.2716997185338,122.04682196885067,123.04631892312548,71311100
2021-06-01,121.7822494506836,122.83074455067667,121.44908627688243,122.56617423477933,67637100
2021-06-02,122.54660034179688,122.72298308520324,121.55690423118689,121.78227761239015,59278900
2021-06-03,121.05713653564453,122.34080621458908,120.65537298589332,122.17422461028026,76229200
2021-06-04,123.35991668701172,123.62449453050527,121.3609148266497,121.57649455807045,75169300
2021-06-07,123.36969757080078,123.78125473088885,122.32120243854156,123.63426789483995,71057600
2021-06-08,124.19279479980469,125.87823514834906,123.67344786315635,124.05560909865456,74403800
2021-06-09,124.57498168945312,125.18252383113118,123.97724066446416,124.65337567084285,56877900
2021-06-10,123.57547760009766,125.61367614452429,123.40889600611712,124.4671847907461,71186400
2021-06-11,124.7905502319336,124.87874532211927,123.56567241757213,123.98703068475491,53522400
2021-06-14,127.85765075683594,127.91644250380197,124.51618772718142,125.2511144685025,96906500
2021-06-15,127.03453826904297,127.9752510907451,126.78956268498881,127.32851196033258,62746300
2021-06-16,127.53424835205078,128.2593812661724,125.87822641453837,127.74982800348911,91815000
2021-06-17,129.14129638671875,129.88603158210103,127.04430640625819,127.19130069845629,96721700
2021-06-18,127.8380355834961,128.86692083515925,127.62245592357515,128.0830111104863,108953300
2021-06-21,129.64108276367188,129.74887261931582,126.61318811711466,127.68127808078076,79663300
2021-06-22,131.28729248046875,131.38528868125076,128.97472269195052,129.47448238296937,74783600
2021-06-23,131.01290893554688,131.6204584103487,130.5523537483137,131.0815092601695,60214200
2021-06-24,130.728759765625,131.93403531891448,130.2583959308748,131.74785150334102,68711000
2021-06-25,130.43475341796875,131.1990757677351,130.14077983295454,130.77772509250494,70783700
2021-06-28,132.0712127685547,132.5317679828533,130.669959847861,130.72875158549564,62111300
2021-06-29,133.59007263183594,133.7468605769358,131.64987040561977,132.09082341810688,64556100
2021-06-30,134.20742797851562,134.6483810309489,133.13932308886885,133.43329677453198,63261400
2021-07-01,134.51119995117188,134.56999169991087,133.0315378313321,133.85466717004775,52485800
2021-07-02,137.14712524414062,137.18631475513712,134.9815346965724,135.12851405296138,78852600
2021-07-06,139.1656951904297,140.27297435431075,137.25488915777586,137.25488915777586,108181800
2021-07-07,141.66448974609375,141.97805072261244,139.79287267133577,140.65517657085456,104911600
2021-07-08,140.36122131347656,141.16473348435932,137.84286503744906,138.73457978552972,105575500
2021-07-09,142.19358825683594,142.72272878930693,139.7830226148444,139.88101880150734,99890800
2021-07-12,141.5958709716797,143.3793001913862,141.10591986105104,143.27151034896303,76299700
2021-07-13,142.7129669189453,144.4963962387887,140.74336872639185,141.13532365605394,100827100
2021-07-14,146.1523895263672,146.56396155860705,144.71193226988518,145.12350430212504,127050800
2021-07-15,145.4959259033203,146.9853819604482,144.1338619619052,146.24066140794739,106820300
2021-07-16,143.4478759765625,146.7501414566327,142.9481312599128,145.47628061590362,93251400
2021-07-19,139.58705139160156,141.17450296373835,138.82272894847327,140.86092711418854,121434600
2021-07-20,143.21270751953125,144.1436266165373,140.08683190917176,140.57678303301844,96350000
2021-07-21,142.477783203125,143.19312262136464,141.72326922538142,142.60517528212256,74993500
2021-07-22,143.84962463378906,145.2214815296494,142.87951621678292,143.00690826858377,77338200
2021-07-23,145.57427978515625,145.73106773788473,143.96724064999466,144.58458386878672,71447400
2021-07-26,145.9956512451172,146.81876560092866,144.731568886007,145.29012038238656,72434100
2021-07-27,143.82028198242188,146.2112462731185,142.62479983707357,146.1230436919417,104818600
2021-07-28,142.0662384033203,144.01624946103246,139.67527427888382,141.8996567982077,118931200
2021-07-29,142.7129669189453,143.604681578867,141.6742728984309,141.7820627469063,56699500
2021-07-30,142.9285430908203,143.38909834548167,141.21371414962817,141.4782919442919,70440600
2021-08-02,142.59536743164062,143.99662035248164,142.33078966013647,143.418481662853,62880000
2021-08-03,144.39842224121094,145.06474871455308,142.2622271752402,142.8795704889318,64786600
2021-08-04,143.99664306640625,144.81975742745607,143.34011030565534,144.31021898611445,56368300
2021-08-05,144.1044158935547,144.8687384173836,143.232303529077,144.02602192289004,46397700
2021-08-06,143.41751098632812,144.36944174661247,142.9170173289271,143.62360541850987,54126800
2021-08-09,143.36839294433594,143.9670294656135,142.80901962336827,143.47634428340314,48908700
2021-08-10,142.8875274658203,144.95821948179562,142.59311336897338,143.7118749573733,69023100
2021-08-11,143.14271545410156,143.98669476400684,142.81886136110603,143.32917826290446,48493500
2021-08-12,146.11624145507812,146.27326431640063,143.12305867466128,143.46654431198874,72282600
2021-08-13,146.32235717773438,146.65601957582584,145.50781781213945,146.19477421248263,59375000
2021-08-16,148.30470275878906,148.37340588044512,143.74133599773583,145.77276511297995,103296000
2021-08-17,147.39202880859375,148.85426118078644,146.31251533457103,147.4312770374107,92229700
2021-08-18,143.6333770751953,147.91215275914686,143.4272826956147,147.00929375834372,86326000
2021-08-19,143.96705627441406,145.2428409806357,141.80804406555308,142.32816925758922,86960300
2021-08-20,145.4292755126953,145.73349792725946,144.04553971626808,144.69324774538592,60549600
2021-08-23,146.9209747314453,147.3920283484006,145.1348733480979,145.54704713474933,60131800
2021-08-24,146.83262634277344,148.0495309623608,146.37138108229806,146.6657951809347,48606400
2021-08-25,145.5961151123047,147.51960771111226,145.04655007679514,147.01909921664708,58991300
2021-08-26,144.79136657714844,146.34193343849523,144.76192666629242,145.58628909382776,48597200
2021-08-27,145.8316650390625,145.97886462702738,144.0946350284485,144.73251987566385,55802400
2021-08-30,150.2674102783203,150.6305274592708,145.84143577124814,146.2241695758551,90956700
2021-08-31,149.00146484375,149.9533952991406,148.47151645903594,149.8160040465339,86453100
2021-09-01,149.6688232421875,152.09280979667415,149.50199203888408,149.9828690186599,80313700
2021-09-02,150.78756713867188,151.83764073221985,149.56085404781211,151.0034698406252,71115500
2021-09-03,151.4254608154297,151.74931485528106,150.2379960026413,150.89551239584583,57808700
2021-09-07,153.7709197998047,154.33029310259397,151.51376504008468,152.08296162989393,82278300
2021-09-08,152.2203826904297,154.11442061539339,151.1114292056323,154.05554077983348,74420200
2021-09-09,151.19973754882812,153.20172648114232,151.08196292373444,152.59328165383056,57305700
2021-09-10,146.19476318359375,152.58347968661215,145.92978895826295,152.11242604398817,140893200
2021-09-13,146.76394653320312,148.5991043920851,145.97884721713058,147.82382836372247,102404300
2021-09-14,145.360595703125,148.25565069827465,144.17314576723558,147.54906273042073,109296300
2021-09-15,146.25363159179688,146.65599705539884,143.64318269682568,145.79238629928224,83281300
2021-09-16,146.0181121826172,146.19476666188248,144.47736826246071,145.67464148744824,68034100
2021-09-17,143.33895874023438,146.04755063760766,143.04454462427765,146.04755063760766,129868800
2021-09-20,140.27706909179688,142.14166661900333,138.63818253431032,141.12104812479518,123478900
2021-09-21,140.75796508789062,141.9061817623882,140.1200802460814,141.24865034298253,75834000
2021-09-22,143.13284301757812,143.70202452958628,141.02288820078027,141.75891581662412,76404300
2021-09-23,144.0946044921875,144.3399470698202,142.92677142673216,143.9179500495402,64838200
2021-09-24,144.1829376220703,144.7226943379148,142.8482732767658,142.94641630674622,53477900
2021-09-27,142.6618194580078,143.24083941199348,141.14070721951342,142.75996249414771,74150700
2021-09-28,139.26629638671875,142.05338511565432,139.0503936707916,140.58132931134702,108972300
2021-09-29,140.16912841796875,141.75894358779652,139.3840291456937,139.81583449417113,74602000
2021-09-30,138.86392211914062,141.69027387708846,138.64801941682376,140.9836859376015,89056700
2021-10-01,139.9924774169922,140.25745160999782,136.51843289284824,139.25644963882814,94639600
2021-10-04,136.54786682128906,139.56068091563057,135.69407942788672,139.11905228846942,98322000
2021-10-05,138.4811553955078,139.59010856039754,136.76375747265385,136.89134039591275,80861100
2021-10-06,139.35459899902344,139.50179857153668,135.79221959896122,136.87173304580557,83221100
2021-10-07,140.6205291748047,141.53321124629377,140.06115594832886,140.39481822198258,61732700
2021-10-08,140.23782348632812,141.49397639424066,139.90416114584096,141.34677682476803,58773200
2021-10-11,140.14952087402344,142.11226190434272,139.16815035886378,139.61958738462852,64452200
2021-10-12,138.8737335205078,140.58132357465212,138.41248818935148,140.56169197186182,73035900
2021-10-13,138.28494262695312,138.76580466433404,136.60679221766168,138.60879674013316,78762700
2021-10-14,141.081787109375,141.1995617265244,138.873703962982,139.46253212516237,69907100
2021-10-15,142.14169311523438,142.20057294661328,140.83646861307787,141.09163451508613,67940300
2021-10-18,143.81983947753906,144.1044303133813,140.4929943196034,140.77758515544568,85589200
2021-10-19,145.98867797851562,146.39104349887026,143.81985744353068,144.27127951188243,76378900
2021-10-20,146.47935485839844,146.96023179232097,145.36059309181522,145.92978977650145,58418800
2021-10-21,146.6952362060547,146.852259056455,145.1152293383939,146.0377198663419,61421000
2021-10-22,145.91998291015625,147.38221538017035,145.87091138995885,146.90135341600217,58883400
2021-10-25,145.87088012695312,146.5872762498157,144.86987823265756,145.91012834998406,50720600
2021-10-26,146.53823852539062,148.02991078440542,146.23400111612685,146.54804683877686,60893400
2021-10-27,146.07701110839844,146.94060700233715,145.72371711443793,146.57750469378993,56094900
2021-10-28,149.7277069091797,150.316520234439,146.93079494698944,147.0289379884622,100077900
2021-10-29,147.00927734375,147.14666858995494,143.68243254858814,144.47734011409685,124953200
2021-11-01,146.1849822998047,146.91118701542294,145.04658872320596,146.21442222208498,74588300
2021-11-02,147.22520446777344,148.7463317156188,145.8807167195942,145.89054000814804,69122000
2021-11-03,148.66783142089844,149.1388850965005,147.02894438379172,147.58831781584547,54511500
2021-11-04,148.14768981933594,149.5902906052328,147.8336440873552,148.75613470689277,60394600
2021-11-05,148.67837524414062,149.58255183119843,147.47935487956067,149.2778854264306,65463900
2021-11-08,147.85284423828125,148.96341611554539,147.5776606751966,148.80616408053146,55020900
2021-11-09,148.21644592285156,148.82577868756664,147.47934403145373,147.61693578465963,56787900
2021-11-10,145.37615966796875,147.54816002545584,145.3073712836708,147.44005113894966,65187100
2021-11-11,145.3270263671875,146.86019613669237,145.14029146001317,146.39829267733833,41000000
2021-11-12,147.4105987548828,147.81353650941713,144.94375410603553,145.8774137755265,63804000
2021-11-15,147.42041015625,149.26808409571646,146.86020539939403,147.78404236912726,59222800
2021-11-16,148.40321350097656,148.88479224149762,146.77175735607312,147.36144499767522,59256200
2021-11-17,150.85040283203125,152.33442961865157,148.39339590269816,148.40321853171864,88807000
2021-11-18,155.15505981445312,155.94130498570996,150.41795852638504,151.06661191740037,137827700
2021-11-19,157.7889862060547,158.250904703225,153.83811490964536,154.9388492026231,117305600
2021-11-22,158.25091552734375,162.85042556306863,158.23125527180156,158.89955399642577,117467900
2021-11-23,158.6342010498047,159.0174935359154,156.3246085076116,158.34917984431854,96041900
2021-11-24,159.1550750732422,159.35163261820963,156.89462581516804,157.9855374355737,69463600
2021-11-26,154.11329650878906,157.69069791152225,153.67103827148128,156.82584169085234,76959800
2021-11-29,157.4842987060547,158.41795820454487,156.05922289657292,156.62925022109002,88748200
2021-11-30,162.457275390625,162.6734931658107,157.1697925187928,157.23859590016,174048100
2021-12-01,161.93641662597656,167.37131474483905,161.70053856245917,164.59980373493542,152052500
2021-12-02,160.9437713623047,161.3762069674829,155.08627542774454,156.0101124031017,136739200
2021-12-03,159.05677795410156,162.12313243269475,156.97324112607134,161.19929553834072,118023100
2021-12-06,162.47695922851562,164.99293189077792,161.4548359617341,161.46465859062198,107497000
2021-12-07,168.2361602783203,168.62929035916358,165.44500418803963,166.17228359031526,120405400
2021-12-08,172.06910705566406,172.93397827343048,167.7644262171737,169.16984194604416,116998900
2021-12-09,171.55804443359375,173.7103848403719,170.92905127787418,171.90203139222558,108923700
2021-12-10,176.3639373779297,176.54084965789616,171.68580203438307,172.19686362537885,115402700
2021-12-13,172.71774291992188,178.99785124666644,172.5113477652422,178.00521097357498,153237000
2021-12-14,171.33200073242188,174.68336162152622,169.24846375567876,172.23617743924208,139380400
2021-12-15,176.21649169921875,176.4130492004454,169.34669680798234,172.098546814284,131063300
2021-12-16,169.29759216308594,178.0248851678291,167.8135654456889,176.19687149781882,150185800
2021-12-17,168.19683837890625,170.48677026390172,166.77177759111154,167.0076406202552,195432700
2021-12-20,166.8307647705078,167.64649284258897,164.5801530989622,165.38604354598067,107499100
2021-12-21,170.01504516601562,170.22142533588615,166.21158850394502,168.60962950115896,91185900
2021-12-22,172.6194610595703,172.8356788475582,169.18947432865244,170.06416810864746,92135300
2021-12-23,173.24844360351562,173.80864829178057,172.25581836202977,172.82584567773912,68356600
2021-12-27,177.2288055419922,177.3172541822936,174.02487426792013,174.04451952373478,74919600
2021-12-28,176.2066650390625,178.21159066688713,175.45974048938143,177.06171346697758,79144300
2021-12-29,176.29513549804688,177.5236387502155,175.07645487319965,176.2459923686846,62348900
2021-12-30,175.1354522705078,177.4647050549678,175.02734336493052,176.38361599919477,59773000
2021-12-31,174.51629638671875,176.1477376000055,174.21161492875567,175.02734303358918,64062300
2022-01-03,178.87991333007812,179.73496187327837,174.653873733677,174.77180525837534,104487900
2022-01-04,176.60964965820312,179.79393593953884,176.0396222685355,179.4892694890775,99310400
2022-01-05,171.91183471679688,177.0715485386063,171.63665117934394,176.52118146370043,94537600
2022-01-06,169.0420684814453,172.285320469028,168.68825890104756,169.73002738877994,96904000
2022-01-07,169.2091522216797,171.1452748909949,168.0887576563829,169.9167714204335,86709100
2022-01-10,169.22879028320312,169.53345670452697,165.27791944101605,166.1722734494287,106765600
2022-01-11,172.06910705566406,172.16737833271398,167.8823727445654,169.3565768677328,76138300
2022-01-12,172.5113525390625,174.13297095610363,171.8135710369917,173.09120251884048,74805200
2022-01-13,169.22879028320312,173.5825988136433,168.83566022635117,172.7570481888216,84505800
2022-01-14,170.09368896484375,170.79147055967272,168.14772861005764,168.39342931174855,80440800
2022-01-18,166.87991333007812,169.57278332194957,166.49662084966823,168.56049766865218,90956700
2022-01-19,163.3712615966797,168.1378599017272,163.086255459233,167.07643136174622,94815000
2022-01-20,161.6808624267578,166.76195044943782,161.3565357449214,164.10838623013277,91420500
2022-01-21,159.61697387695312,163.46955826967317,159.50886499109,161.5924017044035,122848900
2022-01-24,158.84054565429688,159.5088591961831,152.03955370843636,157.26807054913448,162294600
2022-01-25,157.03221130371094,159.9609590965899,154.31968130054574,156.24596615896806,115798400
2022-01-26,156.94375610351562,161.56292551584528,155.1059199641222,160.6882317654177,108275300
2022-01-27,156.48182678222656,161.02236986801861,155.55798996472078,159.65627489219415,121954600
2022-01-28,167.40077209472656,167.42043234611594,160.00026956448573,162.86022878833853,179935700
2022-01-31,171.7742156982422,171.99043344285184,166.5948424464351,167.23367305419112,115541600
2022-02-01,171.607177734375,171.83321815334287,169.3467285555597,171.01749012376968,86213900
2022-02-02,172.81600952148438,172.8553300243515,170.34918033798783,171.7447582622127,84914300
2022-02-03,169.9265899658203,173.2091625575225,169.160005018323,171.4794201148579,89418100
2022-02-04,169.64122009277344,171.32396054369477,167.9584796418521,168.9425345214472,82465400
2022-02-07,168.92286682128906,171.17634592324976,168.22418123926562,170.1037296917855,77251200
2022-02-08,172.04229736328125,172.55401004838063,168.69650213361186,168.9917215679186,74829200
2022-02-09,173.46917724609375,173.83327271357754,172.11117683042102,173.24284884864312,71285000
2022-02-10,169.37550354003906,172.68192819387235,168.8146001247778,171.36329839541398,90865900
2022-02-11,165.9510040283203,170.32020982591467,165.36056513089437,169.5821687118747,98670700
2022-02-14,166.18719482421875,166.8760302449342,163.90418026929203,164.70126232865465,86185500
2022-02-15,170.03485107421875,170.19230347259372,167.53535806583648,168.2438788430367,62527400
2022-02-16,169.79869079589844,170.57608762783394,167.3385533314997,169.10985530896428,61177400
2022-02-17,166.18719482421875,169.1688799431976,165.7837287151261,168.3029068340204,69589300
2022-02-18,164.6323699951172,167.82069791691148,163.54006857345092,167.1121922796674,82772700
2022-02-22,161.69989013671875,164.03209518170536,159.5644780309518,162.3493548856938,91162800
2022-02-23,157.5176544189453,163.50069421366558,157.20274968475783,162.90042020266935,90009200
2022-02-24,160.14511108398438,160.25335773120963,149.57635530980806,150.14710899376973,141147500
2022-02-25,162.22146606445312,162.48715009234238,158.30491651486224,161.22756094554026,91974200
2022-02-28,162.48715209960938,162.78237159417588,159.8400418236256,160.46000126066653,95056600
2022-03-01,160.5977325439453,163.9435277104657,159.38734940316522,162.07381467213503,83474400
2022-03-02,163.90420532226562,164.69145235862337,160.3517660215601,161.76880768390632,79724800
2022-03-03,163.57940673828125,166.2166811126935,162.91025675723336,165.7836946470823,76678400
2022-03-04,160.56822204589844,162.9102773059474,159.51529120397137,161.86718160657645,83737200
2022-03-07,156.7599639892578,162.38875977204634,156.5041000801844,160.75522487368383,96418800
2022-03-08,154.92959594726562,160.28285666328267,153.3157466151268,156.28759642734667,131148300
2022-03-09,160.35174560546875,160.80441747377364,156.8681978086355,158.90518367729157,91454900
2022-03-10,155.9923858642578,157.83256370946663,153.49287802702014,157.64559087729302,105342000
2022-03-11,152.26278686523438,156.7402389691296,152.03645847766137,156.39581380133617,96970100
2022-03-14,148.21832275390625,151.66251440478936,147.70662509120922,149.03509000440232,108732100
2022-03-15,152.61705017089844,153.089407270085,147.98216062819657,148.49385829575584,92964300
2022-03-16,157.04527282714844,157.44873882410081,151.99708284912833,154.54578070512784,102300200
2022-03-17,158.0588836669922,158.4328293113158,155.1165693039783,156.08093884327653,75615400
2022-03-18,161.36529541015625,161.85732279036876,157.212583119924,157.95062419024276,123511700
2022-03-21,162.7429962158203,163.69753062342352,160.410776006235,160.90280343219604,95811400
2022-03-22,166.12814331054688,166.71856719819857,162.28048532842047,162.87090921607214,81532000
2022-03-23,167.49598693847656,169.88723307812018,164.9767938445975,165.31138391398235,98062700
2022-03-24,171.29443359375,171.36330962465348,167.4959813021374,168.33241890873853,90131400
2022-03-25,171.9340362548828,172.4851044775775,169.99544731866433,171.1074339208408,80546200
2022-03-28,172.800048828125,172.92796575635768,169.25744513309817,169.42473266654576,90371900
2022-03-29,176.10646057128906,176.15565130084448,173.52822668291532,173.8726518827145,100589400
2022-03-30,174.93544006347656,176.74609743731983,173.88249413539714,175.7030016679424,92633200
2022-03-31,171.82582092285156,175.19128676604245,171.61916279397346,175.00431393883977,103049300
2022-04-01,171.53060913085938,172.09152763755276,169.19840379678678,171.2550749570232,78751300
2022-04-04,175.59474182128906,175.6439475646401,171.6585226009615,171.78645453057726,76468400
2022-04-05,172.26864624023438,175.45698948199342,171.6388517127187,174.66974256872732,73401800
2022-04-06,169.09014892578125,170.86145068243167,167.4172586616336,169.61169680197753,89058800
2022-04-07,169.39520263671875,170.59575076458447,167.14172361896223,168.4308330803216,77594700
2022-04-08,167.37789916992188,169.04095440141643,166.50209088425444,169.04095440141643,76575500
2022-04-11,163.10708618164062,166.33478478538393,162.8610724769926,166.0198950514866,72246700
2022-04-12,164.98663330078125,167.1613860255376,163.98289318870957,165.34089363354275,79265200
2022-04-13,167.6829071044922,168.31270148269238,164.11079891952852,164.7209080003055,70618900
2022-04-14,162.65440368652344,168.53906192676106,162.40838999801636,167.89941732735232,75329400
2022-04-18,162.43792724609375,163.94352983512067,160.96184509877446,161.30625525719185,69023900
2022-04-19,164.73077392578125,165.14409017149563,161.2964321500132,162.3887336211493,67723800
2022-04-20,164.5634765625,166.1871759578773,163.45150487225482,166.06907917381437,67929800
2022-04-21,163.7664031982422,168.7949239860417,163.26454063992998,166.21670513338208,87227800
2022-04-22,159.21023559570312,165.1932911869879,158.92486628163977,163.8057851903542,84882400
2022-04-25,160.28285217285156,160.5682214607871,155.9333317168137,158.55090609825874,96046400
2022-04-26,154.2998046875,159.7514619922399,154.22107849702726,159.66290065876512,95623200
2022-04-27,154.07345581054688,157.24209821717469,152.9024282829644,153.42397608702464,88063200
2022-04-28,161.0307159423828,161.89668891256514,156.39581154213602,156.71071626419635,130216800
2022-04-29,155.13626098632812,163.54993403564234,154.74264500205678,159.25945373894038,131747600
2022-05-02,155.44131469726562,155.70699870242646,150.8260949299853,154.21124610323508,123055300
2022-05-03,156.93707275390625,158.14747110367338,153.82747065183054,155.62827792248643,88966500
2022-05-04,163.37277221679688,163.82542898874118,156.7205525613251,157.12401860863298,108256500
2022-05-05,154.270263671875,161.46370131983915,152.479276862281,161.23737293708814,130525300
2022-05-06,154.9995574951172,157.1282427342657,151.9444991405495,153.74796732614354,116124600
2022-05-09,149.85523986816406,153.5705818622736,149.29351226682695,152.68362217522588,131577900
2022-05-10,152.26971435546875,154.46739183893223,150.71262137734965,153.26507972972064,115366700
2022-05-11,144.3758544921875,153.1960828683304,143.6958565940324,151.27435948498825,142689800
2022-05-12,140.4929656982422,144.08018734631574,136.78748878802156,140.69992744454566,182602000
2022-05-13,144.97703552246094,145.9526868103026,141.0350319898402,142.49356908639584,113990900
2022-05-16,143.42977905273438,145.3810814533927,142.08949737035988,143.43964368471316,86643800
2022-05-17,147.07611083984375,147.59842494021692,144.55321674293847,146.7016158103138,78336300
2022-05-18,138.7781982421875,145.22336538861344,137.87152447980347,144.72076550868903,109742900
2022-05-19,135.35853576660156,139.6060416476657,134.6194101946053,137.85185149313176,136095600
2022-05-20,135.59503173828125,138.65993938193793,130.68724267872005,137.07328272324338,137426100
2022-05-23,141.03500366210938,141.18282274987226,135.65416330433425,135.79213279876197,117726300
2022-05-24,138.3248748779297,139.91153156082976,135.3388090457555,138.76834717267448,104132700
2022-05-25,138.48257446289062,139.73414963230113,136.33417493293138,136.42286639453397,92482700
2022-05-26,141.69525146484375,142.247129302918,135.15152917223986,135.3979042812047,90601500
2022-05-27,147.4703369140625,147.509750328954,143.15383866233717,143.28195857644457,90978500
2022-05-31,146.68191528320312,148.47553371046925,144.71091395436392,146.9085912630533,103718400
2022-06-01,146.55380249023438,149.53986813880326,145.53872302627965,147.72653558588104,74286600
2022-06-02,149.01754760742188,149.07667523553576,144.73061411862278,145.68655087325112,72348100
2022-06-03,143.2720947265625,145.82453789756687,142.3654358987846,144.770044944171,88570300
2022-06-06,144.02105712890625,146.41583140720172,142.799030970996,144.89815206168706,71598400
2022-06-07,146.55380249023438,146.83959105092737,142.0106440716535,142.25701922442352,67808200
2022-06-08,145.81471252441406,147.69700772120802,145.32196209893456,146.42571823999276,53950200
2022-06-09,140.57180786132812,145.80481374848975,140.4634021916062,144.94743302094574,69473000
2022-06-10,135.14169311523438,138.71904983013044,135.0727008597942,138.24601378405768,91437900
2022-06-13,129.96783447265625,133.23968891028474,129.53421176750797,130.94347052169286,122207100
2022-06-14,130.8350830078125,131.9487037426672,129.5736431654767,131.1997285355144,84784300
2022-06-15,133.46633911132812,135.3486488673454,130.24376297463832,132.34286902822936,91533000
2022-06-16,128.17417907714844,130.47039680396443,127.16896446287808,130.16489408726036,108123900
2022-06-17,129.65245056152344,131.15041561507837,127.92782459091552,128.18406435914898,134520300
2022-06-21,133.89999389648438,135.07274229839362,131.38697879244958,131.48551985360913,81000500
2022-06-22,133.3875274658203,135.76257275465719,131.96840403366457,132.8356344352228,73409200
2022-06-23,136.26519775390625,136.58055018558431,133.66347628298064,134.83622462315083,72433800
2022-06-24,139.60601806640625,139.85239321545572,137.74342254109405,137.87152739306867,89116800
2022-06-27,139.60601806640625,141.40948596195392,138.92602024902237,140.63093206993196,70207900
2022-06-28,135.4472198486328,141.34050987783795,135.32896457557,140.06922057977073,67083400
2022-06-29,137.2112579345703,138.63038134531047,134.6883785543866,135.46693252662052,66242400
2022-06-30,134.73765563964844,136.36372576433453,131.8304316095035,135.25996980273172,98964500
2022-07-01,136.9156036376953,137.02400931509246,133.69302720857007,134.06750724522163,71051600
2022-07-05,139.50746154785156,139.5567395850138,134.9445889899598,135.77242091666662,73353800
2022-07-06,140.84776306152344,142.0303609345011,139.0344453204545,139.3005347290775,74064300
2022-07-07,144.22804260253906,144.42513974752345,141.20254804373226,141.2123976378396,66253700
2022-07-08,144.90802001953125,145.41063501342293,142.89760515660754,143.15382993164704,64547800
2022-07-11,142.76947021484375,144.51381052529135,141.6952781464939,143.5578737194986,63141600
2022-07-12,143.7451171875,146.29756011597522,142.94686411267188,143.64656111311933,77588800
2022-07-13,143.3804931640625,144.32656535504097,140.05934579014044,140.91674157030096,71185600
2022-07-14,146.31727600097656,146.79031208077845,141.17296164080028,141.9909289473083,78140700
2022-07-15,147.99266052246094,148.67265851350987,146.0512226491225,147.60831579328757,76259900
2022-07-18,144.9375762939453,149.37232886647305,144.57293085689554,148.55436158747918,81420900
2022-07-19,148.8105926513672,149.03725358197892,144.7798987508147,145.77524895701922,82982400
2022-07-20,150.8209991455078,151.49114734609626,148.18971445377295,148.92883987406518,64823400
2022-07-21,153.0975341796875,153.3143455287886,149.73697330616696,152.25985260020167,65086600
2022-07-22,151.85580444335938,154.01405345612082,151.1856711624816,153.13695840464973,66675400
2022-07-25,150.73233032226562,152.7920231935369,150.07204665223094,151.7769586670234,53623900
2022-07-26,149.4019317626953,150.8703183745743,148.61352809160934,150.05235088160816,55138700
2022-07-27,154.5166473388672,155.04882613514658,149.95378934695273,150.36769783431046,78620700
2022-07-28,155.0685577392578,155.35434635629224,152.17118296547585,154.70391221573936,81378700
2022-07-29,160.15370178222656,161.25747271207914,157.18735030288008,158.90212681060993,101786900
2022-08-01,159.16822814941406,161.21807160961242,158.55722246790594,158.67547775141105,67829400
2022-08-02,157.68995666503906,160.05516729364513,157.31547663627524,157.77866315380257,59907000
2022-08-03,163.72125244140625,164.17457438761855,158.41925333428367,158.50794479712317,82507500
2022-08-04,163.40586853027344,164.76586430720064,162.04587275334626,163.60296566260632,55474100
2022-08-05,163.17889404296875,163.6723288419394,160.85974446443265,161.06699370571175,56697000
2022-08-08,162.70518493652344,165.60658394853183,162.04398411639912,164.18548932563507,60276900
2022-08-09,162.75453186035156,163.6427235312398,161.10646144310655,161.86635524789833,63135500
2022-08-10,167.01779174804688,167.11646965834703,164.70850578221743,165.47826275134963,70170500
2022-08-11,166.2776641845703,168.74483818248612,165.9816002931334,167.8270416248752,57149200
2022-08-12,169.8402557373047,169.9093287754835,167.17569590306383,167.59019436587388,68039400
2022-08-15,170.91595458984375,171.11332550526615,169.10011807446065,169.26788410549148,54091700
2022-08-16,170.758056640625,171.4291358420734,169.40605002056787,170.5113392247935,56377100
2022-08-17,172.2581024169922,173.83708484024334,170.30410470369227,170.50147562429416,79542000
2022-08-18,171.86334228515625,172.60349451732048,170.8468677576589,171.4686004513763,62290100
2022-08-19,169.2678680419922,171.45871962967124,169.06061881248345,170.75803562921558,70346300
2022-08-22,165.36973571777344,167.62966033417896,164.94537398602955,167.4618943197239,69026800
2022-08-23,165.03421020507812,166.494788154392,164.46182399117447,164.88618577839446,54147100
2022-08-24,165.33026123046875,165.90264739975865,164.06706935977206,165.12302704926418,53841500
2022-08-25,167.79745483398438,167.90601110393493,166.13952095667054,166.56386770201752,51218200
2022-08-26,161.47158813476562,168.80403659370677,161.41237837214825,168.33034343433388,78961000
2022-08-29,159.26101684570312,160.76104775775735,157.72150271792214,159.0340260013609,73314000
2022-08-30,156.8234405517578,160.4255083111715,155.64906340226676,160.00116164152158,77906200
2022-08-31,155.1556396484375,158.47152210531658,155.07668827346,158.20506309707196,87991100
2022-09-01,155.8859405517578,156.33989216971713,152.6391308869704,154.5832653521816,74229900
2022-09-02,153.76412963867188,158.2543887367361,152.93516289828764,157.65239775798332,76957800
2022-09-06,152.5009307861328,155.02731410056845,151.6719640845397,154.41545987678768,73714800
2022-09-07,153.9121856689453,154.61285463504657,151.59303614241935,152.78715495485997,87449600
2022-09-08,152.431884765625,154.30693097885487,150.6752430270464,152.60951406525444,84923800
2022-09-09,155.30364990234375,155.74775322839724,152.71805660596894,153.42860385753409,68028800
2022-09-12,161.28408813476562,162.10319169268726,157.20832701154205,157.49451256385936,104956000
2022-09-13,151.82003784179688,158.4320621166019,151.35620785732317,157.80046608261773,122656600
2022-09-14,153.2707061767578,155.0372110898694,151.59303096684667,152.75752979849568,87965400
2022-09-15,150.36929321289062,153.20161877290226,149.39230209520935,152.61935435324472,90481100
2022-09-16,148.72125244140625,149.36272674550892,146.4218443622924,149.22456559759132,162278800
2022-09-19,152.4516143798828,152.530565756339,147.142266074514,147.34950026158054,81474200
2022-09-20,154.83984375,156.0043577800845,151.07000947628035,151.38579993733708,107689800
2022-09-21,151.7015838623047,156.65567307047792,151.58316433856976,155.2740467070239,101696800
2022-09-22,150.73446655273438,152.44174672656402,148.92849339656019,150.37919289810281,86652500
2022-09-23,148.45477294921875,149.4811256708757,146.60933178685332,149.20480341314504,96029900
2022-09-26,148.79034423828125,151.7509532458143,147.67517669341092,147.69491830315658,93339400
2022-09-27,149.76734924316406,152.68849035626477,147.98111738826654,150.73449244930677,84442700
2022-09-28,147.87252807617188,148.6620267188795,142.93818038229188,145.7014181025515,146691400
2022-09-29,140.6091766357422,144.79350916804302,138.83280834097133,144.18165483368003,128138200
2022-09-30,136.38534545898438,141.2210144615274,136.18797459444687,139.42490495984325,124925300
2022-10-03,140.57955932617188,141.19142866488522,135.88206585827712,136.39524222216883,114311700
2022-10-04,144.18167114257812,144.30009068947933,142.36581942561767,143.125713321253,87830100
2022-10-05,144.4777069091797,145.44484998263232,141.13221948664446,142.17831393701783,79471000
2022-10-06,143.5204620361328,145.60275783304795,143.31322781916052,143.89547736380888,68402200
2022-10-07,138.2505645751953,141.22105183590455,137.61896860646343,140.6683921871329,85925600
2022-10-10,138.57620239257812,140.02690164719857,136.75050299743356,138.57620239257812,74899000
2022-10-11,137.15512084960938,139.49401183769913,136.40510543994947,138.06303899554518,77033700
2022-10-12,136.52352905273438,138.51700974724292,136.3458997629281,137.30316442493086,70433700
2022-10-13,141.11248779296875,141.7046005106399,132.6056617056489,133.21753108987443,113224000
2022-10-14,136.56300354003906,142.62238154840435,136.37549592938134,142.41513233177395,88598000
2022-10-17,140.54010009765625,141.02365655306738,138.4281998048671,139.21769847828358,85250900
2022-10-18,141.86248779296875,144.7737497481639,138.7637182271675,143.57964610972482,99136600
2022-10-19,141.97105407714844,143.0467382727137,139.6420413366173,139.82954896048238,61758300
2022-10-20,141.5072021484375,143.97437563945456,140.77691337406094,141.1420652904652,64522000
2022-10-21,145.33628845214844,145.90867462024406,140.7769407155068,140.99405322955806,86548600
2022-10-24,147.48765563964844,148.2574127069579,144.08295860217441,145.25733581108966,75981900
2022-10-25,150.33970642089844,150.4877458912043,147.39883932372416,148.11924989222194,74732300
2022-10-26,147.3889923095703,149.9943276549768,146.09618038338365,148.9778530921607,88194300
2022-10-27,142.89869689941406,147.09289198935082,142.23749618636535,146.12576416144415,109180200
2022-10-28,153.69505310058594,155.43193790631275,145.87904888716614,146.2540490373011,164762400
2022-10-31,151.32656860351562,152.21476020669766,149.92521569193562,151.14893931793952,97943200
2022-11-01,148.67185974121094,153.40883557513413,147.17182918957292,153.04369873878463,80379300
2022-11-02,143.1256866455078,150.1719344831505,143.09608176430027,146.9942133937789,93604600
2022-11-03,137.0564422607422,140.92496892991684,136.92814440584334,140.19468007204958,97918500
2022-11-04,136.78958129882812,141.0302690042654,132.8355539401886,140.45693322725256,140814800
2022-11-07,137.32333374023438,137.55068603269024,134.11068732115655,135.5341392248018,83374600
2022-11-08,137.8966827392578,139.80449340378325,135.90978972981833,138.79622744381308,89908500
2022-11-09,133.3199005126953,136.95761319516816,133.04311982943733,136.90818484099725,74917800
2022-11-10,145.18199157714844,145.18199157714844,137.89670115296482,139.61670844683837,118854000
2022-11-11,147.9794464111328,148.28588106740983,142.71070401695297,144.1440507641814,93979700
2022-11-14,146.57577514648438,148.55278858529147,145.73553840162515,147.2578471962193,73374100
2022-11-15,148.31553649902344,151.82473825025608,146.85255082741247,150.47048891741846,89868300
2022-11-16,147.07989501953125,148.14748399123684,145.5971350727314,147.41599873753398,64218300
2022-11-17,148.9877166748047,149.7389762643868,144.47023425105218,144.74701489370946,80389400
2022-11-18,149.55116271972656,150.94496070019653,148.246341800127,150.5594437144723,74829600
2022-11-21,146.3088836669922,148.64176028052393,146.02222333634097,148.43418230260116,58724100
2022-11-22,148.4539031982422,148.6911501950918,145.24125698087363,146.42747688170903,51804100
2022-11-23,149.3336944580078,150.0849540196098,147.62356723542243,147.73230356123182,58301400
2022-11-25,146.40773010253906,147.16888449613631,145.42910302505686,146.6054284287757,35195900
2022-11-28,142.56243896484375,144.95462339373816,141.73209694821898,143.47186332830165,69246000
2022-11-29,139.5474853515625,143.14564904140522,138.73691772229893,142.6316213475949,83763800
2022-11-30,146.3286590576172,147.01073115671917,138.93463248466975,139.77485420692707,111380900
2022-12-01,146.6054229736328,147.41600568948158,144.92496463802757,146.5065813559001,71250400
2022-12-02,146.11117553710938,146.2989942268281,143.97599740675216,144.2824471593233,65447400
2022-12-05,144.9447479248047,149.18543519719876,144.0946315261712,146.07164500360574,68826400
2022-12-06,141.26747131347656,145.6070143612091,140.28884442227303,145.37966208348357,64727200
2022-12-07,139.32012939453125,141.72219330934035,138.39093073198447,140.55576270463825,69721100
2022-12-08,141.01048278808594,141.87049392300491,139.47830938217072,140.72382246539036,62128300
2022-12-09,140.52609252929688,143.89690343111556,139.2805646427551,140.70401646542416,76097000
2022-12-12,142.8292999267578,142.8391795610593,139.43871501837063,141.05986496506975,70462700
2022-12-13,143.79808044433594,148.24636089095367,142.58222134561697,147.7817615043003,93886200
2022-12-14,141.5640411376953,144.9743859949628,139.5375995292449,143.67944472283807,82291200
2022-12-15,134.93115234375,140.17024039649047,134.46655303010576,139.48816842184618,98931900
2022-12-16,132.96405029296875,136.06796118297987,132.19301616053025,135.11900305847902,160156900
2022-12-19,130.8486328125,133.64610870665976,129.81071279854106,133.55714671976315,79592600
2022-12-20,130.77943420410156,131.7185125149171,128.39712953221752,129.87988952300458,77432800
2022-12-21,133.89321899414062,135.2375886040089,131.224254130209,131.45160643001654,85928000
2022-12-22,130.71022033691406,133.0134424692819,128.802409885042,132.80586453500828,77852100
2022-12-23,130.344482421875,130.89804371107982,128.14999653723166,129.41528379353238,63814900
2022-12-27,128.53550720214844,129.8996510860134,127.24056601774359,129.86999709579138,69007800
2022-12-28,124.59138488769531,129.52403118980348,124.4233405593597,128.17966147970347,85438400
2022-12-29,128.12034606933594,128.9803420184741,126.26195630324504,126.51896259932623,75703700
2022-12-30,128.43667602539062,128.4564503839377,125.9654166682795,126.93415661096817,77034200
2023-01-03,123.63252258300781,129.39551044224086,122.74286511723291,128.7826411649236,112117500
2023-01-04,124.90771484375,127.18128340928531,123.64242739714908,125.43162222007305,89113600
2023-01-05,123.58309173583984,126.30148488412831,123.32608545003059,125.66884126386319,80962700
2023-01-06,128.1302032470703,128.79250076902682,123.45457188803941,124.56170184454875,87754700
2023-01-09,128.65415954589844,131.87670150653418,128.39715319682298,128.97048897560737,70790800
2023-01-10,129.22747802734375,129.75138537718297,126.64747490986099,128.76287866678214,63896200
2023-01-11,131.95578002929688,131.97553930551643,128.9606055895864,129.7415193359335,69458900
2023-01-12,131.87669372558594,132.71691544226815,129.9293341536629,132.3412931209229,71379600
2023-01-13,133.21115112304688,133.36931580754018,130.14678954891528,130.51253218381837,57809700
2023-01-17,134.37757873535156,135.7120534872366,132.58838434758803,133.28033589487055,63646600
2023-01-18,133.65597534179688,137.01689153014115,133.47803632197883,135.24747146776636,69672800
2023-01-19,133.71531677246094,134.68404919653628,132.23255659782018,132.53899128723262,58280400
2023-01-20,136.285400390625,136.4336854309728,132.67735732670167,133.72517191147224,80223600
2023-01-23,139.4882049560547,141.6728117743155,136.31509126831105,136.5325639862707,81760300
2023-01-24,140.89186096191406,141.514625019409,138.6874952095744,138.69737484670043,66435100
2023-01-25,140.22955322265625,140.79299416676852,137.21460493959157,139.27070057060922,65799300
2023-01-26,142.305419921875,142.59208020551668,140.26908361074402,141.52449124388164,54105100
2023-01-27,144.2527618408203,145.5378234459024,141.43552706245464,141.51460940098116,70555800
2023-01-30,141.35646057128906,143.8771557170406,141.20819059706298,143.29394037386407,64015300
2023-01-31,142.63160705566406,142.68103540109175,140.64471427014323,141.05988522159177,65874500
2023-02-01,143.7584991455078,144.92494470830036,139.69575173845908,142.3152880410748,77663600
2023-02-02,149.08656311035156,149.4424109834998,146.46701173795722,147.18861728641792,118339000
2023-02-03,152.72427368164062,155.571177590554,146.13093629775682,146.32863460622823,154357300
2023-02-06,149.9861297607422,151.34039430836512,149.0470513348308,150.81648692074876,69858300
2023-02-07,152.87254333496094,153.44587898676582,148.90863720361276,148.90863720361276,83322600
2023-02-08,150.17391967773438,152.80335083301824,149.43253973358082,152.11139923515765,64120100
2023-02-09,149.13600158691406,152.55624141902396,148.6911765868534,152.0125597152097,56007100
2023-02-10,149.50230407714844,149.8290111554016,147.73018216274517,147.9677914305051,57450700
2023-02-13,152.31396484375,152.71985991539307,149.41321016170093,149.44290943263957,62199000
2023-02-14,151.67044067382812,152.23475701699866,149.35380697400552,150.60122163396125,61707600
2023-02-15,153.77915954589844,153.9474604229768,151.35362380168024,151.58132321108715,65573800
2023-02-16,152.1753692626953,154.7692064041291,151.81896289081203,151.97735397330246,68167900
2023-02-17,151.0269317626953,151.47243590583543,149.34390771836374,150.8289315997935,59144100
2023-02-21,146.99754333496094,149.7893951720759,146.92825008356576,148.70037173778798,58867200
2023-02-22,147.42327880859375,148.4528887502369,145.69075089528818,147.3836697109664,51011300
2023-02-23,147.90838623046875,148.83900369928494,145.76996312428713,148.59149969615066,48394200
2023-02-24,145.2452392578125,145.720442659753,144.26511807901926,145.64123957502227,55469600
2023-02-27,146.44317626953125,147.68069636554856,145.97786750491304,146.23528135301038,44998500
2023-02-28,145.93824768066406,147.59157242356576,145.36403664496177,145.58184135182967,50547000
2023-03-01,143.8592071533203,145.76003585720164,143.5621993638043,145.36403554214274,55479000
2023-03-02,144.45323181152344,145.24524759786468,142.46329007120497,142.93850860687647,52238100
2023-03-03,149.5220947265625,149.60129780845313,145.85903905116976,146.56194185497878,70732300
2023-03-06,152.29415893554688,154.73949959731118,151.92785785960842,152.25454983701871,87558000
2023-03-07,150.08642578125,152.49215731620518,149.62111707090608,152.16545023619062,56182000
2023-03-08,151.34375,151.93776567756532,150.31413994619248,151.2843514535327,47204800
2023-03-09,149.08648681640625,152.99704649679572,148.73008049756518,152.02683517023416,53833600
2023-03-10,147.01736450195312,149.43300577006005,146.13625093512175,148.7102983763868,68572400
2023-03-13,148.9676971435547,151.6110378452132,146.2253488070177,146.33425116280637,84457100
2023-03-14,151.06654357910156,151.86845415267095,148.60141331315802,149.76962498664284,73695900
2023-03-15,151.46255493164062,151.71995365613,148.42319852737018,149.68052309089944,77167900
2023-03-16,154.2939910888672,154.89790141964556,150.1260173130943,150.64082983435895,76161100
2023-03-17,153.4524688720703,155.17510202547024,152.7396561952458,154.52168788730708,98944600
2023-03-20,155.82850646972656,156.24432646768744,152.6109545912959,153.5217825705538,73641400
2023-03-21,157.6897430419922,157.80854012474336,154.97709383642948,155.7493201936468,73938300
2023-03-22,156.25421142578125,160.52117754091816,156.2344068779623,157.70953600837723,75701800
2023-03-23,157.34323120117188,159.9370833205621,156.10571123599644,157.24423866782476,67622100
2023-03-24,158.6500244140625,158.73912220628418,156.27399264950182,157.2739031216865,59196500
2023-03-27,156.69972229003906,159.1648674270664,156.29381212775743,158.34315238139064,52390300
2023-03-28,156.07598876953125,156.90761354343223,154.4226641545453,156.39280108462546,45992200
2023-03-29,159.16485595703125,159.44205919265104,157.75903523168998,157.778824672489,51305700
2023-03-30,160.73898315429688,160.8478855082498,159.65986944195512,159.9172681392784,49501700
2023-03-31,163.2536163330078,163.35262396586768,160.29347845168977,160.8181856716707,68749800
2023-04-03,164.51097106933594,164.62976816550022,162.5804427244333,162.62994654998397,56976200
2023-04-04,163.976318359375,165.17422899271943,163.4615059243357,164.9366348738105,46278300
2023-04-05,162.12501525878906,163.40214436262949,160.18459235196994,163.09524181864398,51511700
2023-04-06,163.0160369873047,163.3130448064106,160.38259082111486,160.80829044689202,45390100
2023-04-10,160.4122772216797,160.4122772216797,158.48174921205518,159.80836691031573,47716900
2023-04-11,159.194580078125,160.73900266239136,158.90746697083827,160.72910794044708,47644200
2023-04-12,158.50155639648438,160.441979159197,158.18474404786926,159.61036940374873,50133100
2023-04-13,163.90704345703125,164.14465273087802,159.80837789845614,160.01628790137767,68445600
2023-04-14,163.56056213378906,164.65948057952454,162.18444039601638,162.94674189589546,49386500
2023-04-17,163.580322265625,163.73872843453088,162.39230621171848,163.4417206444433,41516200
2023-04-18,164.80796813964844,165.73858561594125,163.99614775175192,164.44166704612937,49923000
2023-04-19,165.95639038085938,166.48109766330478,163.8872454167369,164.14465925023921,47720200
2023-04-20,164.9861602783203,166.19398100625685,163.90704646438456,164.43175373561738,52456400
2023-04-21,163.37242126464844,164.7881366917755,162.84771406794957,163.40212053189984,58337300
2023-04-24,163.67933654785156,163.94664508043508,162.25371118266517,163.35262947612597,41949600
2023-04-25,162.13491821289062,164.64955210777222,162.09530911482935,163.5407390651718,48714100
2023-04-26,162.12501525878906,163.62984381357916,161.1746083552498,161.43200707778223,45498800
2023-04-27,166.7285919189453,166.87708827078586,163.54073931024718,163.54073931024718,64902300
2023-04-28,167.98590087890625,168.15421688581486,166.2038842356674,166.80779457565893,55209200
2023-05-01,167.8968048095703,168.74821914844807,166.95629265889536,167.5899022757501,52472900
2023-05-02,166.85728454589844,168.6492261368123,165.86726857821876,168.3918123170909,48425700
2023-05-03,165.77816772460938,169.21352427793394,165.4910697460863,167.8077034423993,65136000
2023-05-04,164.1347198486328,165.37223965151196,162.6695006318279,163.243711633137,81235400
2023-05-05,171.8370819091797,172.55978934902075,169.0551242996228,169.27292902501793,113316400
2023-05-08,171.7677459716797,172.1142575536809,170.3916245765101,170.7579255984111,55962800
2023-05-09,170.0550537109375,171.80737116626167,169.88675280256177,171.3222729910744,45326900
2023-05-10,171.82716369628906,172.29247239543182,170.18373361448457,171.29256173687202,53724500
2023-05-11,172.0152587890625,172.8468685009711,170.45103188917147,172.11426641943214,49514700
2023-05-12,171.0833740234375,172.5605284867848,169.52689179090092,172.1243165202818,45497800
2023-05-15,170.58766174316406,171.71784028672823,169.99282456135643,171.6682680003546,37266700
2023-05-16,170.58766174316406,171.6484360603376,170.31998349861684,170.50834911043384,42110300
2023-05-17,171.20236206054688,171.4402848957753,168.95191277084518,170.23080851956607,57951600
2023-05-18,173.54200744628906,173.73037308197308,171.0932844370763,171.50966446616422,65496700
2023-05-19,173.65106201171875,174.8704617599002,173.43295602393476,174.8704617599002,55772400
2023-05-22,172.69931030273438,173.20492646986477,171.95577135327312,172.48120433403864,43570900
2023-05-23,170.0820770263672,171.8864057178537,169.8044903241909,171.6385593675291,50747300
2023-05-24,170.3596649169922,170.9346702690374,169.05104404436648,169.61612586083143,45143500
2023-05-25,171.49974060058594,172.4018896852921,170.21093674442764,170.92473533776644,56058300
2023-05-26,173.91873168945312,174.25581421879875,171.61872545109665,171.826923039006,54835000
2023-05-30,175.7726287841797,177.44807247659148,175.04892170114425,175.43556138959772,55964400
2023-05-31,175.72305297851562,177.80496826079084,175.23726871202743,175.80236562165695,99625300
2023-06-01,178.53857421875,178.56831456742498,175.4057930547119,176.16916396782793,68901800
2023-06-02,179.39117431640625,180.21402596420296,177.71573067078862,179.4704869589175,61945900
2023-06-05,178.03297424316406,183.35670847100744,176.50623240767692,181.05670243794387,121946500
2023-06-06,177.66616821289062,178.56831734898336,175.90148844243106,178.41961560329207,64848400
2023-06-07,176.2881317138672,179.64892709288569,175.7924390908418,176.90278572567038,61944600
2023-06-08,179.01446533203125,179.2821284929526,175.93125619506344,176.367453055308,50214900
2023-06-09,179.40110778808594,180.66015634842165,179.0739487923587,179.93644924551378,48870700
2023-06-12,182.20668029785156,182.30582486935572,179.4109818840196,179.70840047119435,54274900
2023-06-13,181.7308349609375,182.5635949733869,180.86833459999627,181.2252339092373,54929100
2023-06-14,182.36534118652344,182.8015531826157,180.45197462688512,181.79033583961464,57462900
2023-06-15,184.40757751464844,184.91319370821412,182.19679249165128,182.37524971506843,65433200
2023-06-16,183.3269500732422,185.37912470625074,182.68255574170084,185.12135487176403,101235600
2023-06-20,183.41616821289062,184.4967895647453,182.82134617640602,182.82134617640602,49799100
2023-06-21,182.375244140625,183.81274978200145,181.01703601018858,183.30713360389032,49515700
2023-06-22,185.38905334472656,185.43862563579464,182.0877384404729,182.15714267343606,51245300
2023-06-23,185.07180786132812,185.94423180057566,183.41619616013958,183.95155271461957,53079300
2023-06-26,183.67396545410156,186.43001547826037,183.63430156934749,185.22052415803645,48088700
2023-06-27,186.43994140625,186.7671004131867,184.0705308354124,184.28863684003687,50730800
2023-06-28,187.61968994140625,188.2640844107442,185.9839100562617,186.31105393141783,51216800
2023-06-29,187.95672607421875,188.43260188630063,187.3123317121149,187.4511250421375,46347300
2023-06-30,192.2990264892578,192.80462759541973,189.6123654098311,189.97918829297507,85069600
2023-07-03,190.8020477294922,192.20981323378058,190.10806582219766,192.11066863921243,31458200
2023-07-05,189.68174743652344,191.3175270975779,188.97785723169864,189.91968534956396,46920300
2023-07-06,190.15760803222656,190.36580559694158,187.57009184775086,188.20457782150964,45094300
2023-07-07,189.037353515625,191.01021583133178,188.60115666342472,189.76107572138073,46778000
2023-07-10,186.98519897460938,188.35331565327752,185.42871665150543,187.62959342704087,59922200
2023-07-11,186.45977783203125,187.66926929498567,184.99253159711697,187.53047593664704,46638100
2023-07-12,188.1352081298828,190.04857465553215,186.84640410814296,188.04597194874682,60750200
2023-07-13,188.89854431152344,189.54295381895912,188.1450969456968,188.85889555641208,41342300
2023-07-14,189.04727172851562,189.53304086059518,187.99640569502964,188.59122781892412,41573900
2023-07-17,192.31884765625,192.64600663390738,190.15761974766676,190.24684079775338,50520200
2023-07-18,192.06106567382812,192.65590289157154,190.76235338000512,191.68434955477355,48353800
2023-07-19,193.41929626464844,196.52232225877913,190.99038994943103,191.43652547824442,80507300
2023-07-20,191.46624755859375,194.777470825343,190.84166997972974,193.40935427253197,59581200
2023-07-21,190.28651428222656,193.29041080540085,189.5826239989074,192.42791035637276,71917800
2023-07-24,191.08953857421875,193.2309346993088,190.59384586715203,191.74385657810865,45377800
2023-07-25,191.9520263671875,192.7649696142135,191.25805964859208,191.66453127210508,37283200
2023-07-26,192.82444763183594,193.95462630849192,191.6546201978147,192.0015959886147,47471900
2023-07-27,191.5554656982422,195.50117489112708,190.89123937354253,194.33134751765755,47460200
2023-07-28,194.14300537109375,194.93611671931453,192.46756161890426,192.99299467254062,48291400
2023-07-31,194.75765991210938,194.79732379964574,193.57790885902568,194.3710202090042,38824100
2023-08-01,193.9248809814453,195.0352276872512,193.59772201405482,194.54945856713078,35175100
2023-08-02,190.9209747314453,193.49856732490423,190.19726772902345,193.35977399392826,50389300
2023-08-03,189.5231170654297,190.71277634396813,189.047256379482,189.91968024316816,61235200
2023-08-04,180.42225646972656,185.7658238245138,180.3528522221102,183.92184614977657,115799700
2023-08-07,177.3092803955078,181.5524085909385,175.82220233279125,180.56102321579414,97576100
2023-08-08,178.25106811523438,178.71702038544473,176.05019168536276,178.1420151343907,67823000
2023-08-09,176.65496826171875,179.37135459798415,175.48512561412892,179.3118738938821,60378500
2023-08-10,176.4368438720703,179.1928938087059,176.07003615011226,177.93383023619305,54686900
2023-08-11,176.4964141845703,177.32037701982404,175.26544597344693,176.02984778529373,51988100
2023-08-14,178.15428161621094,178.38260392804418,176.01991561712387,176.67511718788185,43675600
2023-08-15,176.15887451171875,178.174103062697,175.76179096239193,177.57847773870674,43622600
2023-08-16,175.28530883789062,177.24096145960885,175.2158108770956,175.84123193317788,46964900
2023-08-17,172.73397827148438,176.2184341041098,172.21775754332145,175.85113106656488,66062900
2023-08-18,173.22042846679688,173.82599075554495,170.70883778094841,171.04636032936088,61114200
2023-08-21,174.5605926513672,174.84849110751958,172.47588124297116,173.79620604217206,46311900
2023-08-22,175.9404754638672,176.38719824747957,174.96761015656983,175.77171419662545,42084200
2023-08-23,179.80218505859375,180.2290643006026,177.032491470534,177.2211114741355,52722800
2023-08-24,175.09666442871094,179.78232293288016,174.72934624726201,179.35544373491686,54945800
2023-08-25,177.31045532226562,177.84651968096887,174.54076169805765,176.08940889849805,51449600
2023-08-28,178.8789520263672,179.27603559399373,177.25088516267095,178.77967356057698,43820700
2023-08-29,182.7803497314453,183.55467328918405,178.19396940518234,178.39251118833664,53003900
2023-08-30,186.28468322753906,186.48324017846022,183.39586742396716,183.59440922711968,60813900
2023-08-31,186.50306701660156,187.7439721096439,186.11590523348306,186.47328650618994,60794500
2023-09-01,188.08151245117188,188.53815704908098,186.91009015003394,188.11129296200212,45732600
2023-09-05,188.3197479248047,188.5977094450193,186.24495831042893,186.91008160149724,45280000
2023-09-06,181.57916259765625,187.47594597496703,180.14963751857883,187.02920802693,81755800
2023-09-07,176.26808166503906,176.91336139268128,172.27732670257566,173.90539355501954,112488800
2023-09-08,176.88357543945312,178.9285998393183,176.4964136407334,177.05235186894313,65551300
2023-09-11,178.0549774169922,178.98814040153138,176.0496706936909,178.7598181226865,58953100
2023-09-12,175.0172576904297,178.81939272059032,173.5480302988034,178.18404991763566,90370200
2023-09-13,172.94247436523438,176.00998823848755,172.7141369128852,175.22572770658326,84267900
2023-09-14,174.46133422851562,174.81871550108795,172.3170465930817,172.73398888645488,60895800
2023-09-15,173.7366180419922,175.2157822233053,172.5552892315787,175.19592350235882,109205100
2023-09-18,176.67510986328125,178.07485448429676,174.8882034479176,175.19594549627539,67257600
2023-09-19,177.76708984375,178.32301284726324,175.84120290460362,176.2283646497479,51826900
2023-09-20,174.213134765625,178.39249419218916,174.1237780961169,177.95569322220518,58436200
2023-09-21,172.6645050048828,175.01727155266988,172.59502219087378,173.28000428145347,63047900
2023-09-22,173.5182342529297,175.79158086544706,172.7836281326413,173.39911221131908,56725400
2023-09-25,174.79885864257812,175.6823824720043,172.88289328236814,172.93253251615403,46172700
2023-09-26,170.7088165283203,173.92523242084695,170.41099631477684,173.5480076216062,64588900
2023-09-27,169.18995666503906,171.78096710415326,167.8200077433672,171.36402481079512,66921800
2023-09-28,169.44805908203125,170.77830558378838,166.4003891832915,168.10787564587397,56294400
2023-09-29,169.9642791748047,171.81074638236362,169.10059901226265,170.7683831744606,51814200
2023-10-02,172.4857940673828,173.03179529398386,169.6863051315917,169.9742035727841,52164500
2023-10-03,171.14561462402344,172.36667607241205,169.5771240058018,171.0066338674304,49594600
2023-10-04,172.39646911621094,172.94247039530038,169.7260388902924,169.8451609338146,53020300
2023-10-05,173.6373748779297,174.17343922355133,171.42358924241523,172.52551359241795,48527900
2023-10-06,176.19859313964844,176.69495515352654,171.91993985589522,172.53543905358532,57224100
2023-10-09,177.6876678466797,177.74722886090305,174.52087597650268,175.52352172738225,42390800
2023-10-10,177.09207153320312,178.41239655260046,176.65527045637762,176.80418817680595,43698000
2023-10-11,178.49179077148438,178.54143000452555,176.30780084757703,176.90342620076967,47551100
2023-10-12,179.3951873779297,181.01331743803624,177.73732472140046,178.759844529376,56743100
2023-10-13,177.54872131347656,180.60629838312414,176.84388049788197,180.10001451689263,51427100
2023-10-16,177.41966247558594,177.77704377786506,175.22573542452864,175.4639946753042,52517000
2023-10-17,175.86105346679688,177.12181720914745,173.52816111664285,175.3646914585386,57549400
2023-10-18,174.5605926513672,176.28793794498117,173.83590833900334,174.30248985254676,54764400
2023-10-19,174.18336486816406,176.5460377577175,173.9153251388443,174.75913147519677,59302900
2023-10-20,171.6221466064453,174.14365914589465,171.38388737014972,174.03445888939677,64189300
2023-10-23,171.74127197265625,172.7439178760632,168.69360166729962,169.66648220683237,55980100
2023-10-24,172.17808532714844,172.40640764866407,170.20255874285166,171.79092350033105,43816600
2023-10-25,169.8551025390625,171.80083332633419,169.4083645680371,170.62942613878033,57157000
2023-10-26,165.67572021484375,170.13305676328346,164.4645956319317,169.1303957533013,70625300
2023-10-27,166.99603271484375,167.73065392902063,165.61614695891157,165.69556669674958,58499100
2023-10-30,169.05096435546875,169.92456632823416,167.6412980843576,167.79021577395145,51131000
2023-10-31,169.52749633789062,169.6565401685357,166.67836791176023,168.11782995408234,44846000
2023-11-01,172.7042236328125,172.96232646167283,168.88222955093784,169.75583166057058,56934900
2023-11-02,176.27801513671875,176.48647870246754,174.18336680542194,174.2429278242073,77334800
2023-11-03,175.36471557617188,175.53349201222565,172.0887379893404,172.9722618796391,79763700
2023-11-06,177.92591857910156,178.12446034988363,174.9279030004302,175.09666426298327,63841300
2023-11-07,180.49710083007812,181.1125849169399,177.66783112206795,177.87629469765844,70530000
2023-11-08,181.55931091308594,182.11523398810698,180.26876654734838,181.023246561535,49340300
2023-11-09,181.08279418945312,182.78034380026955,180.48715371155149,181.62879543623518,53763500
2023-11-10,185.2875518798828,185.4565506612299,182.43468499907056,182.87206148972973,66133400
2023-11-13,183.6970977783203,184.9197527658604,183.1106225987718,184.71101456121173,43627500
2023-11-14,186.3213348388672,186.98733436699092,185.1881391216873,186.57977766288278,60108400
2023-11-15,186.88795471191406,188.3690678828249,186.65933159416437,186.72892111610665,53790500
2023-11-16,188.57778930664062,189.82032912157422,187.52410280269015,188.43862545407694,54412900
2023-11-17,188.55792236328125,189.24380683321974,187.44461143684416,189.11457782649978,50922700
2023-11-20,190.30740356445312,190.76466491067268,188.7467813740569,188.75671623264228,46505100
2023-11-21,189.5022430419922,190.37699597796984,188.60762038854105,190.26765186097265,38134500
2023-11-22,190.16824340820312,191.77857025832532,189.6911123355231,190.34717704028523,39617700
2023-11-24,188.8362579345703,189.76070040271065,188.12055368994098,189.7308806564948,24048300
2023-11-27,188.65731811523438,189.53207108953595,187.77263028176083,188.78654712309,40552600
2023-11-28,189.263671875,189.9396214691522,188.26963995303524,188.64737693705334,38415400
2023-11-29,188.2398223876953,190.9435904601538,187.84221568139642,189.76069003248776,43014200
2023-11-30,188.8163604736328,189.1841625986753,187.06686975200412,188.70701635554832,48794400
2023-12-01,190.09866333007812,190.41674564636727,188.10064953196948,189.19409067360718,45679300
2023-12-04,188.29946899414062,188.91577913023963,186.33128993843854,188.84618961175903,43389500
2023-12-05,192.26564025878906,193.23978723319652,189.04497157673757,189.07480648679842,66628400
2023-12-06,191.17222595214844,193.5976510937421,190.9634725753497,193.28950362567244,41089700
2023-12-07,193.11058044433594,193.8362194805571,192.43463086867496,192.4744006383907,47477700
2023-12-08,194.54197692871094,194.82030462884575,192.5141434931892,193.0409791518531,53377300
2023-12-11,192.02706909179688,192.3352317119437,190.27757846347603,191.957494748212,60943700
2023-12-12,193.5479736328125,193.5579084922386,190.5758125501861,191.92769665062553,52696900
2023-12-13,196.778564453125,196.8183190559037,193.68712459255818,193.925682544677,70404200
2023-12-14,196.9276580810547,198.42864077264184,194.98929893159502,196.83819885132337,66831600
2023-12-15,196.39089965820312,197.2159328291742,195.82429416614897,196.3511298862745,128256700
2023-12-18,194.7209014892578,195.45649052996882,193.2298536912898,194.9197048287757,55751900
2023-12-19,195.76466369628906,195.77459855586707,194.72092706706565,194.98931995291727,40714100
2023-12-20,193.66725158691406,196.50023361616374,193.66725158691406,195.72488988877126,52242800
2023-12-21,193.5181121826172,195.90379770975298,192.34516188676014,194.9296507492267,46482500
2023-12-22,192.444580078125,194.24377537319003,191.81833513340536,194.01513711760236,37122800
2023-12-26,191.8978729248047,192.73285613100865,191.67918468017166,192.45452839560733,28919300
2023-12-27,191.99728393554688,192.34520121931277,189.9495803442342,191.34123431157244,48087700
2023-12-28,192.42471313476562,193.4982694967864,192.01715638138543,192.98136861854135,34049900
2023-12-29,191.38095092773438,193.23978563415233,190.58572241393787,192.7427697089948,42628800
2024-01-02,184.53208923339844,187.31538170646215,182.79253333369908,186.03307200647276,82488700
2024-01-03,183.15037536621094,184.77065219734183,182.3352619375341,183.1205556229884,58414500
2024-01-04,180.82435607910156,181.99730650228184,179.80050438167336,181.06291404030495,71983600
2024-01-05,180.09869384765625,181.6692660827433,179.09472708075188,180.90387243418792,62303300
2024-01-08,184.4525604248047,184.49233019548157,180.41679326133186,181.0032684531674,59144500
2024-01-09,184.03506469726562,184.04499955584959,181.63944418662982,182.82234457021028,42841800
2024-01-10,185.0788116455078,185.2875498615879,182.82235486658107,183.24979649333252,46792900
2024-01-11,184.4823760986328,185.93366934185158,182.524132048394,185.42670336710847,49128400
2024-01-12,184.81039428710938,185.62550766060176,184.08475530494994,184.94955813530052,40444700
2024-01-16,182.53407287597656,183.16030262539027,179.85017475552078,181.07284484780743,65603000
2024-01-17,181.58973693847656,181.83824490899738,179.22395137316974,180.18816351220838,47317400
2024-01-18,187.50424194335938,188.01119275141858,184.72094959289208,184.979392426226,78005800
2024-01-19,190.416748046875,190.80441988057507,187.69311035236996,188.2000611602168,68741000
2024-01-22,192.73284912109375,194.16425751836653,191.11257223144145,191.15234200232317,60133900
2024-01-23,194.01513671875,194.58174217570732,192.6732027698961,193.8561031440579,42355600
2024-01-24,193.33920288085938,195.20798769039715,193.18015413797895,194.25371040083746,53631300
2024-01-25,193.0111846923828,195.0986578845498,191.95751323703675,194.0549212884663,54822100
2024-01-26,191.27163696289062,193.59766821896898,190.7945058465033,193.1106022428928,44594000
2024-01-29,190.5857391357422,191.05293535979936,188.44857653714126,190.8640668648328,47145600
2024-01-30,186.91775512695312,190.65532484477694,186.35116482109103,189.80045678886228,55859400
2024-01-31,183.2994842529297,185.98338263365994,183.24979478995033,185.92372797618197,55467800
2024-02-01,185.74481201171875,185.83427124755644,182.72296153753896,182.8919451500293,64885400
2024-02-02,184.74082946777344,186.21199239128737,178.1802130458578,178.78657309445222,102518000
2024-02-05,186.55990600585938,188.120543422021,184.73089088840356,187.02710222804,69668800
2024-02-06,188.1702423095703,188.180177168222,185.65534280788862,185.74480203892318,43490800
2024-02-07,188.2795867919922,189.9097985097057,187.48435823433906,189.5022417883465,53439000
2024-02-08,187.1960906982422,188.40879563608698,186.23187856237746,188.2596969213544,40962000
2024-02-09,187.96246337890625,189.09710508715864,187.11645206865865,187.76339117385248,45155200
2024-02-12,186.2704620361328,187.78332288230948,185.91215328801408,187.53449778464588,41781900
2024-02-13,184.1703643798828,185.33487911795885,182.64755610649428,184.89694454758455,56529500
2024-02-14,183.2845458984375,184.65806518525375,181.58259087415234,184.44906062504626,54630500
2024-02-15,182.9959259033203,183.62296999377594,180.4977274519665,182.68738521978767,65434500
2024-02-16,181.45318603515625,183.981257173353,180.81619448303394,182.5579699194549,49701400
2024-02-20,180.70672607421875,181.5726325042779,179.15405998428736,180.93564089848354,53665600
2024-02-21,181.4631805419922,182.03049388623003,179.81097819372195,181.08496152111414,41529700
2024-02-22,183.5035400390625,184.09077884972692,181.60252771208349,182.6177232415446,52292200
2024-02-23,181.66221618652344,184.17036202409395,181.37357059288817,184.1405042298665,45119700
2024-02-26,180.30860900878906,181.90108040317875,179.8009961275691,181.38353517321784,40867400
2024-02-27,181.77169799804688,183.05562869813585,178.71611879819,180.24888975946536,54318900
2024-02-28,180.56739807128906,182.25940572629614,179.28346722817705,181.65227187035535,48953900
2024-02-29,179.90054321289062,181.71199718953457,178.6862755375109,180.41810366151438,136682600
2024-03-01,178.81565856933594,179.68156498512658,176.54637506189474,178.70617492699984,73488000
2024-03-04,174.277099609375,176.0686281128373,172.9732433768994,175.3221528407019,81510100
2024-03-05,169.3204803466797,171.23145507958293,168.82283020205665,169.9574719243141,95132400
2024-03-06,168.32518005371094,170.43522699407845,167.88724549652,170.256065044738,68587700
2024-03-07,168.20574951171875,169.92761476617306,167.6981518296525,168.35503848083317,71765100
2024-03-08,169.92762756347656,172.8836708711805,168.14604658720506,168.20576217934803,76114600
2024-03-11,171.93814086914062,173.56048535052068,171.2414336396481,172.12725037151972,60139500
2024-03-12,172.41586303710938,173.2121062975323,170.20629520329734,172.3362371923594,59825400
2024-03-13,170.3257598876953,172.37607625258147,169.95748841772314,171.9580519129805,52488700
2024-03-14,172.1869659423828,173.49080701178275,171.2414336176872,172.0973925529764,72913500
2024-03-15,171.80873107910156,171.80873107910156,169.4896795825833,170.36554869703198,121664700
2024-03-18,172.90357971191406,176.87483361469177,172.70452267737835,174.7448914522954,75604200
2024-03-19,175.2524871826172,175.77999515234478,172.2168180823409,173.52065910891577,55215200
2024-03-20,177.83030700683594,177.83030700683594,174.2671300256647,174.89417408943874,53423100
2024-03-21,170.56460571289062,176.65585381045534,170.037097774542,176.21791925324277,106181300
2024-03-22,171.47035217285156,172.23673773536032,169.26078406375387,170.95279171103329,71106600
2024-03-25,170.0470733642578,171.13194711675717,168.65364374159117,169.76839047714014,54288300
2024-03-26,168.9124298095703,170.61438491064948,168.78303590364706,169.20106023000122,57388400
2024-03-27,172.49551391601562,172.78415954350993,169.31055559917013,169.60914876354798,60273300
2024-03-28,170.67410278320312,171.4205780589011,169.70866021166748,170.94283813483634,65672700
2024-04-01,169.2309112548828,170.4451788535061,168.68349304450714,170.38546326457012,46240500
2024-04-02,168.0465087890625,168.54415896803064,167.43937496323824,168.28538634231538,49329500
2024-04-03,168.85269165039062,169.8778497555363,167.78772821512752,167.99673277562965,47691700
2024-04-04,168.026611328125,171.11203328162168,168.026611328125,169.48968886138192,53704400
2024-04-05,168.7830352783203,169.5892261323792,168.15599119757314,168.79298281447828,42055200
2024-04-08,167.65834045410156,168.40481571452685,167.4493358859462,168.23561647794648,37425500
2024-04-09,168.87261962890625,169.2806964440478,167.55883097808936,167.90717701117094,42451200
2024-04-10,166.9915008544922,168.29534195603523,166.3246514051182,168.00671152069506,49709300
2024-04-11,174.21737670898438,174.63541624491384,167.36972023014152,167.5488670137579,91070300
2024-04-12,175.72027587890625,177.52176704196785,173.39127675717174,173.44102962389059,101593300
2024-04-15,171.87840270996094,175.7998881273465,171.68929323241036,174.53585255667426,73531800
2024-04-16,168.58399963378906,172.94340539530876,167.47921549696915,170.94285690412892,73711200
2024-04-17,167.21046447753906,169.84800441976404,167.21046447753906,168.81289870293196,50901200
2024-04-18,166.25494384765625,167.84743029154777,165.76725645436014,167.24029654336022,43122900
2024-04-19,164.2245635986328,165.6179780634261,163.3088890664717,165.42888374733738,67772100
2024-04-22,165.06060791015625,166.47393259764522,163.9956444231876,164.74211969252124,48116400
2024-04-23,166.11561584472656,166.26492000363532,164.14492548116624,164.57291251221173,49537800
2024-04-24,168.22567749023438,168.50436038665487,165.4288858023208,165.75732156896873,48251800
2024-04-25,169.09158325195312,169.80820075027214,167.3597550998357,168.73327450279362,50558300
2024-04-26,168.5043487548828,170.53475474394267,168.38490238817732,169.081624768213,44838400
2024-04-29,172.68460083007812,175.20270935632288,172.28648678772151,172.55520693212748,68169400
2024-04-30,169.52951049804688,174.1676137755898,169.20105955998108,172.51541154910535,65934800
2024-05-01,168.5043487548828,171.89832652202932,168.31523926242042,168.78303163206596,50383100
2024-05-02,172.21682739257812,172.6049939419865,170.08688513916925,171.69926693100732,94214900
2024-05-03,182.51817321777344,186.12115543095717,181.80155578938326,185.7727942523785,163224100
2024-05-06,180.8560333251953,183.3343214775735,179.5720873686165,181.4930249418685,78569700
2024-05-07,181.54278564453125,184.0310366275269,180.46787458450643,182.58785409480518,77305800
2024-05-08,181.8811798095703,182.20963072654146,180.5972339353124,181.9906634485607,45057100
2024-05-09,183.70260620117188,183.792179594264,181.2541604804327,181.70204263297254,48983000
2024-05-10,182.4368438720703,184.47000383075684,181.51992740382525,184.28063783698332,50759500
2024-05-13,185.656005859375,186.47326635748277,184.0015628078464,184.8188233059542,72044800
2024-05-14,186.8021697998047,187.66926595480425,185.6659889969534,186.8819036535792,52393600
2024-05-15,189.08450317382812,190.0113806876588,186.74236879853999,187.28056849688068,70400000
2024-05-16,189.2041015625,190.45989075478766,189.02471179656044,189.83199615864385,52845200
2024-05-17,189.23399353027344,190.17084727488813,188.54630236847427,188.87519880271202,41282900
2024-05-20,190.40008544921875,191.27714266640717,188.37688635675946,188.69582178398366,44361300
2024-05-21,191.70570373535156,192.08442053272114,190.28048580582154,190.44991454290118,42309400
2024-05-22,190.2605438232422,192.17412585880137,189.63266445026173,191.625965130265,34648500
2024-05-23,186.25401306152344,190.36020743395642,186.0048504863481,190.34027016979292,51005900
2024-05-24,189.3436279296875,189.94162421863646,187.41012383078694,188.1875250894915,36294600
2024-05-28,189.3535919189453,192.35350378297326,188.46657377923762,190.86848939299406,52280100
2024-05-29,189.652587890625,191.6060292626522,188.8752018363686,188.97487295416659,53068000
2024-05-30,190.6492462158203,191.53626445370173,189.99146851693155,190.12102272627732,49947900
2024-05-31,191.60601806640625,191.92495345858123,189.2738600399137,190.79873376551856,75158300
2024-06-03,193.38006591796875,194.33685694398167,191.8751293663799,192.25384615761888,50080500
2024-06-04,193.69898986816406,194.66574186569684,192.38340418619828,193.98801176077237,47471400
2024-06-05,195.21389770507812,196.24044634116564,194.2172473626493,194.74547082752238,54156800
2024-06-06,193.8285675048828,195.84180559150522,193.51960831096955,195.0345211925245,41181800
2024-06-07,196.23046875,196.28030430445062,193.48968053965237,193.99796669662618,53103900
2024-06-10,192.4730987548828,196.63910486677477,191.50634675889475,196.2404356269631,97262100
2024-06-11,206.45611572265625,206.46609195915696,192.9814138224934,193.00133588013964,172373300
2024-06-12,212.35630798339844,219.46241499269527,206.20696163392407,206.67538853844061,198134300
2024-06-13,213.52236938476562,216.02395620562416,210.89121315624297,214.02069454325613,97862700
2024-06-14,211.77822875976562,214.44924427717243,210.59221246372425,213.13367378271622,70122700
2024-06-17,215.94422912597656,218.21659070332575,212.0074632920053,212.65527993528355,93728300
2024-06-18,213.5721893310547,217.89766325641614,212.28651711595563,216.86113841241473,79943300
2024-06-20,208.97763061523438,213.5223688231627,208.1504242370716,213.21339445126264,86172500
2024-06-21,206.79498291015625,211.18023828891836,206.41625091745033,209.6852627905662,246421400
2024-06-24,207.44281005859375,211.9875333707341,205.89799892378585,207.02421872275744,80727000
2024-06-25,208.36968994140625,210.67194975002218,207.91122410230182,208.44940858434205,56713900
2024-06-26,212.5356903076172,214.1402980033581,209.9344322470105,210.79155216910215,66213200
2024-06-27,213.3828582763672,215.01736433595826,211.63872006367095,213.97087836680484,49772700
2024-06-28,209.9144744873047,215.34623061165473,209.5955543096767,215.0472324898511,82542700
2024-07-01,216.02395629882812,216.78140506529675,211.2101334408119,211.37956216985054,60402900
2024-07-02,219.53216552734375,219.64179766849512,214.3794853085834,215.42595595595571,58046200
2024-07-03,220.80789184570312,220.80789184570312,218.29632866276663,219.26308073535034,37369800
2024-07-05,225.5818328857422,225.69146503075916,220.90754038733803,220.90754038733803,60412400
2024-07-08,227.056884765625,227.08678305881674,222.50218547217585,226.32931907748747,59085900
2024-07-09,227.9139862060547,228.631575647805,225.6117264169712,227.1664984715379,48076100
2024-07-10,232.19960021972656,232.29927134034506,228.48209857735924,228.5319341376685,62627700
2024-07-11,226.80772399902344,231.61157070495582,225.01375035477759,230.61492037011672,64710600
2024-07-12,229.76776123046875,231.86073301422448,227.91399100155513,228.1531925563972,53046500
2024-07-15,233.61483764648438,236.43535998230433,232.3092281117703,235.68787221439834,62631300
2024-07-16,234.03343200683594,235.47857190808813,231.55176727169922,234.2128217621178,43234300
2024-07-17,228.1133270263672,230.68468664215072,225.88082486496336,228.68140979310064,57345900
2024-07-18,223.4290771484375,229.66811832325195,221.52548646122014,229.50865061099643,66034600
2024-07-19,223.55862426757812,226.04028896611686,222.5320756847993,224.06692564873424,49151500
2024-07-22,223.20980834960938,227.01700459563804,222.34271224556252,226.24957960487185,48201800
2024-07-23,224.25628662109375,226.17982967750157,221.93408951337017,223.61843101438217,39960300
2024-07-24,217.80796813964844,224.04700927387208,216.40270265661363,223.24968592545983,61777600
2024-07-25,216.76148986816406,220.11023564894725,213.9010930254534,218.19665359620475,51391200
2024-07-26,217.2299041748047,218.75477790382115,215.2864239407029,217.96741565742542,41601300
2024-07-29,217.50897216796875,218.5654190781,215.0273073866339,216.23326096996,36311800
2024-07-30,218.0670928955078,219.59196666736065,215.3960621319004,218.45578591171193,41643800
2024-07-31,221.3361053466797,223.07028238181744,219.89096542123676,220.6982497488722,50036300
2024-08-01,217.62857055664062,223.72806581879624,216.29306274041448,223.61843367222977,62501000
2024-08-02,219.12355041503906,224.84432899946665,216.98075820790513,218.41592196270943,105568600
2024-08-05,208.5690155029297,212.7848420736874,195.34346157584417,198.42310739676375,119548600
2024-08-06,206.53585815429688,209.28662299148326,200.39650324752455,204.612330181792,69660500
2024-08-07,209.1171875,212.9243839975228,205.69866882998738,206.2069550428707,63516400
2024-08-08,212.59547424316406,213.4824924067945,208.13048513245963,212.39614722358988,47161100
2024-08-09,215.51568603515625,216.05387055494424,211.259984607228,211.38955402452135,42201600
2024-08-12,217.0522918701172,219.02793942662467,215.12653755613,215.59550663031672,38028100
2024-08-13,220.78407287597656,221.40270642093424,218.52902632127157,218.52902632127157,44155300
2024-08-14,221.23309326171875,222.54021400164925,219.21752501736546,220.08562480803565,41960600
2024-08-15,224.22650146484375,224.8551228159093,222.27079905335071,224.10676986474735,46414000
2024-08-16,225.5535888671875,226.33187474025672,223.15885022096822,223.42826155403992,44340200
2024-08-19,225.39393615722656,225.4937226434457,222.5501887780633,225.2243113108782,40687800
2024-08-20,226.0125732421875,226.6711275207631,224.95490346311303,225.27420804373648,30299000
2024-08-21,225.90280151367188,227.47933353511345,224.5557753561492,226.02254833732334,34765500
2024-08-22,224.03692626953125,227.8385569948794,223.4083048904395,227.28976176117078,43695300
2024-08-23,226.3418426513672,227.7188169640382,223.83736023691762,225.16444130741013,38677300
2024-08-26,226.68109130859375,226.7808777924977,223.39832305195915,226.2620154817008,30602200
2024-08-27,227.5292205810547,228.3474270817302,224.39611696496783,225.5036798955901,35934600
2024-08-28,225.99261474609375,229.35520907583674,225.18438078371824,227.4194670399241,38052200
2024-08-29,229.28536987304688,232.4085012026452,228.37737982242845,229.59470189609323,51906300
2024-08-30,228.49710083007812,229.89402024722435,226.98043458769098,229.6844899472923,52990800
2024-09-03,222.28077697753906,228.49709095305272,220.68428466242796,228.04808224732741,50190600
2024-09-04,220.36500549316406,221.29295584608857,217.0023958735564,221.17322424578342,43840200
2024-09-05,221.89163208007812,224.98481497811864,221.03352013282222,221.14327916881817,36615400
2024-09-06,220.3350830078125,224.74537478911404,219.28738577978086,223.4581991238727,48423000
2024-09-09,220.42486572265625,220.7840757397734,216.23409233980902,220.33506702469683,67180000
2024-09-10,219.6266326904297,220.99361925876318,216.25405039598212,218.4392435287618,51591000
2024-09-11,222.1710205078125,222.6000688776049,217.4114916314568,220.9736588702828,44587100
2024-09-12,222.28077697753906,223.059062794204,219.33725854525207,222.01136566399225,37498200
2024-09-13,222.01138305664062,223.5479944694599,221.42268236911949,223.08901316997165,36766600
2024-09-16,215.84495544433594,216.74297289953918,213.4502168549942,216.0644583037111,59357400
2024-09-17,216.31390380859375,216.42366284814068,214.02893954474482,215.27619443719672,45519300
2024-09-18,220.20535278320312,222.22092099435915,217.06226125375574,217.07224903728172,59894900
2024-09-19,228.3673858642578,229.31531179988679,224.1367068474718,224.49591687958383,66781300
2024-09-20,227.6988525390625,232.57811312113958,227.12012443578536,229.46496974860833,318679900
2024-09-23,225.97265625,228.94610768522742,225.31410200503296,226.8407407931877,54146000
2024-09-24,226.8706817626953,228.8463445678705,225.2342838755063,228.14786961487798,43556100
2024-09-25,225.8728790283203,226.79085685048213,223.52804884217394,224.43603888049125,42308700
2024-09-26,227.02035522460938,227.99819881641105,224.9149883158055,226.80083714120576,36636700
2024-09-27,227.2897491455078,229.01596089620384,226.80083496693393,227.9582911728241,34026000
2024-09-30,232.4883270263672,232.4883270263672,229.14567760776433,229.53482055042815,54541900
2024-10-01,225.71324157714844,229.14567442683443,223.24866456606327,229.01597026460064,63285000
2024-10-02,226.281982421875,226.8706831083472,222.5302449869956,225.39393750024195,32880600
2024-10-03,225.17440795898438,226.3119038145279,222.82957789090332,224.64557310138042,34044200
2024-10-04,226.30194091796875,227.49930262356304,223.63780617480538,227.39951613756347,37245100
2024-10-07,221.20315551757812,225.1943712346882,220.84394549402703,224.0069821228032,39505400
2024-10-08,225.27420043945312,225.4837307412941,222.75973024040246,223.80742742544692,31855700
2024-10-09,229.03591918945312,229.24546472466872,224.33627096325682,224.73538646570117,33591100
2024-10-10,228.53701782226562,228.99601435408132,226.67112924406288,227.27979028338342,28183500
2024-10-11,227.05029296875,228.9062089337624,226.84074743911052,228.79644988971887,31759200
2024-10-14,230.79205322265625,231.22110160659443,228.09798564307096,228.19775690140833,39882100
2024-10-15,233.33645629882812,236.9684620133565,231.85969551276995,233.0969778733182,64751400
2024-10-16,231.27099609375,231.61024577942743,229.33525401328018,231.09139869260778,34082200
2024-10-17,231.6401824951172,233.3364614020046,230.0137723986246,232.9173703418766,32993800
2024-10-18,234.48391723632812,235.66131853389138,233.4960858911256,235.66131853389138,46431500
2024-10-21,235.96067810058594,236.32987592195377,233.9351372634737,233.9351372634737,36254500
2024-10-22,235.342041015625,235.70125104779564,232.08920560922664,233.376366009758,38846600
2024-10-23,230.25323486328125,234.62362105235994,227.25982300232985,233.56595129753524,52287000
2024-10-24,230.0636749267578,230.3131259260407,227.90841463888628,229.47495899723685,31109500
2024-10-25,230.9018096923828,232.7078323586645,229.0658541264054,229.23547896644118,38802300
2024-10-28,232.88743591308594,234.21451699403664,232.03931169048735,232.80762499530724,36087100
2024-10-29,233.15684509277344,233.815399347975,231.8098189074392,232.58810476348472,35417200
2024-10-30,229.5946807861328,232.95727501758805,229.04588560251634,232.09916306464564,47070900
2024-10-31,225.4138946533203,229.325284321648,224.8750719925984,228.83635490362704,64370100
2024-11-01,222.42047119140625,224.8551151455125,219.78626950218685,220.48472918772245,65276700
2024-11-04,221.52244567871094,222.3007315284092,219.2275088130919,220.5046966292777,44944500
2024-11-05,222.95928955078125,223.45819152571042,220.65436486265338,221.31291912362707,28111300
2024-11-06,222.23089599609375,225.5735453041769,220.7042571772517,222.12113695305962,54561100
2024-11-07,226.98043823242188,227.37956894750107,224.0768403097807,224.13670611072257,42137700
2024-11-08,226.7107391357422,228.4088689967903,226.16134014604208,226.92049995960826,38328800
2024-11-11,223.98373413085938,225.45212091614073,221.25673663335022,224.7528927426808,42005600
2024-11-12,223.98373413085938,225.34224111445195,223.11469448970428,224.30339000560164,40398300
2024-11-13,224.8727569580078,226.4010754152989,222.5153482196322,223.76397540644066,48566200
2024-11-14,227.9693603515625,228.61864039722624,224.7528954725484,224.77287777547028,44923900
2024-11-15,224.7528839111328,226.67077335813082,224.023689933323,226.15134020310103,47923700
2024-11-18,227.7695770263672,229.4876892234719,224.92270099550518,225.00261496304853,44686000
2024-11-19,228.02928161621094,229.90722171238716,226.41106572007726,226.73070634208972,36211800
2024-11-20,228.7484893798828,229.67746064503265,225.64190448211673,227.80951934283004,35169600
2024-11-21,228.26902770996094,229.90722593821596,225.46211628612434,228.6286329426038,42108300
2024-11-22,229.61753845214844,230.46661102927646,227.80952873867182,227.80952873867182,38168300
2024-11-25,232.61424255371094,232.99383009111634,229.48769048234254,231.2058026888721,90152800
2024-11-26,234.8018341064453,235.31128373473052,233.07373841155265,233.07373841155265,45986200
2024-11-27,234.67198181152344,235.43115689965902,233.55321672420507,234.21249554010248,33498400
2024-11-29,237.06935119628906,237.5488197625333,233.71304074851764,234.55211454995276,28481400
2024-12-02,239.3268585205078,240.52553753151284,236.89953466637493,237.00941446483552,48137100
2024-12-03,242.3834991455078,242.49337894569658,238.6376176509325,239.54662188503684,38861000
2024-12-04,242.74310302734375,243.84190102311462,240.9850414761411,242.60325739533934,44383900
2024-12-05,242.7730712890625,244.2714238935446,241.86408229295347,243.72204013219255,40033900
2024-12-06,242.5732879638672,244.3613305629988,241.8141281502541,242.6432183998472,36870600
2024-12-09,246.47900390625,246.96847124510987,241.48449521514058,241.56440918324205,44649200
2024-12-10,247.4978790283203,247.93739821602466,245.0705399660552,246.61884065291167,36914800
2024-12-11,246.2192840576172,250.52454792031958,245.98952569372008,247.68767076725757,45205800
2024-12-12,247.68768310546875,248.46682524629017,245.41017310687806,246.61885092340057,32777500
2024-12-13,247.85748291015625,249.01619729452798,245.96955931284188,247.54782582286595,33155300
2024-12-16,250.7642822265625,251.10392039685559,247.3780059899919,247.71764416028498,51694800
2024-12-17,253.20159912109375,253.5512208135588,249.50566587259755,249.80533943156328,51356400
2024-12-18,247.77757263183594,254.0007260278641,247.46791553993853,251.88305927654196,56774100
2024-12-19,249.51565551757812,251.72323503929724,246.81862390484895,247.22817727073837,60882300
2024-12-20,254.21051025390625,254.71994465608725,245.42017186050566,247.76758181309805,147495300
2024-12-23,254.98965454101562,255.36922684225433,253.17164603591402,254.49020366493687,40858800
2024-12-24,257.91644287109375,257.92641115938613,255.0096198916901,255.2094124344067,23234700
2024-12-26,258.7355041503906,259.81433504408284,257.34704665632455,257.90642916266114,27237100
2024-12-27,255.30929565429688,258.41589596104086,252.78207543596488,257.54682582842287,42355300
2024-12-30,251.9230194091797,253.22159473829512,250.47461491371794,251.95298524244893,35557500
2024-12-31,250.1449737548828,253.00183336212825,249.15605553782555,252.16275955239965,39480700
2025-01-02,243.5821990966797,248.826433311358,241.55442975303322,248.65660659999048,55740700
2025-01-03,243.0927276611328,243.91181916074598,241.624340886356,243.0927276611328,40244100
2025-01-06,244.73092651367188,247.05836939894766,242.93290033169586,244.04168187374515,45045600
2025-01-07,241.94400024414062,245.28032844029428,241.08494412707995,242.71314361950866,40856000
2025-01-08,242.43344116210938,243.44234164075266,239.78635773622742,241.65429905026372,37628900
2025-01-10,236.58987426757812,239.8962364632009,232.74409661721964,239.7463920626497,61710900
2025-01-13,234.14256286621094,234.41227060505477,229.46771001708314,233.27352322575203,49630700
2025-01-14,233.02378845214844,235.8606656353981,232.21468051006943,234.49217517741417,39435300
2025-01-15,237.60874938964844,238.6975638581554,234.17252500331003,234.38230107288462,39832000
2025-01-16,228.00930786132812,237.74859991927732,227.7795647267042,237.089336348529,71759100
2025-01-17,229.7274169921875,232.03487756376998,228.22906438809179,231.86506609768284,68488300
2025-01-21,222.39547729492188,224.17352112887505,219.13906319002535,223.75398423747347,98070400
2025-01-22,223.58416748046875,223.87384226456615,219.54859611049605,219.54859611049605,64126500
2025-01-23,223.41436767578125,226.78066167492807,222.05586069453574,224.493183388126,60234800
2025-01-24,222.5353240966797,225.38220009721186,221.16683361690275,224.53312753788666,54697900
2025-01-27,229.6075439453125,231.89502211760887,223.73399710835045,223.77396171163917,94863400
2025-01-28,237.99832153320312,239.9262098046868,230.55650666713984,230.59647127201654,75707600
2025-01-29,239.0971221923828,239.5965730646729,233.75299176206667,233.86287156365174,45486100
2025-01-30,237.3290557861328,240.52553823889048,236.94948349745044,238.40787147181928,55658300
2025-01-31,235.74081420898438,246.91852728753366,233.18362815459494,246.91852728753366,101075100
2025-02-03,227.75958251953125,231.5753945205246,225.45212191586603,229.73741895869952,73063300
2025-02-04,232.54432678222656,232.87396618357337,226.40107197135944,227.00041910872287,45067300
2025-02-05,232.21469116210938,232.4144684638066,228.0193068583431,228.27901582634638,39620300
2025-02-06,232.9638671875,233.54323203112875,230.17692277145878,231.0359788855247,29925300
2025-02-07,227.3800048828125,233.74300400322835,227.0104008794231,232.3445476829273,39707200
2025-02-10,227.64999389648438,230.58999633789062,227.1999969482422,229.57000732421875,33115600
2025-02-11,232.6199951171875,235.22999572753906,228.1300048828125,228.1999969482422,53718400
2025-02-12,236.8699951171875,236.9600067138672,230.67999267578125,231.1999969482422,45243300
2025-02-13,241.52999877929688,242.33999633789062,235.57000732421875,236.91000366210938,53614100
2025-02-14,244.60000610351562,245.5500030517578,240.99000549316406,241.25,40896200
2025-02-18,244.47000122070312,245.17999267578125,241.83999633789062,244.14999389648438,48822500
2025-02-19,244.8699951171875,246.00999450683594,243.16000366210938,244.66000366210938,32204200
2025-02-20,245.8300018310547,246.77999877929688,244.2899932861328,244.94000244140625,32316900
2025-02-21,245.5500030517578,248.69000244140625,245.22000122070312,245.9499969482422,53197400
2025-02-24,247.10000610351562,248.86000061035156,244.4199981689453,244.92999267578125,51326400
2025-02-25,247.0399932861328,250.0,244.91000366210938,248.0,48013300
2025-02-26,240.36000061035156,244.97999572753906,239.1300048828125,244.3300018310547,44433600
2025-02-27,237.3000030517578,242.4600067138672,237.05999755859375,239.41000366210938,41153600
2025-02-28,241.83999633789062,242.08999633789062,230.1999969482422,236.9499969482422,56833400
2025-03-03,238.02999877929688,244.02999877929688,236.11000061035156,241.7899932861328,47184000
2025-03-04,235.92999267578125,240.07000732421875,234.67999267578125,237.7100067138672,53798100
2025-03-05,235.74000549316406,236.5500030517578,229.22999572753906,235.4199981689453,47227600
2025-03-06,235.3300018310547,237.86000061035156,233.16000366210938,234.44000244140625,45170400
2025-03-07,239.07000732421875,241.3699951171875,234.75999450683594,235.11000061035156,46273600
2025-03-10,227.47999572753906,236.16000366210938,224.22000122070312,235.5399932861328,72071200
2025-03-11,220.83999633789062,225.83999633789062,217.4499969482422,223.80999755859375,76137400
2025-03-12,216.97999572753906,221.75,214.91000366210938,220.13999938964844,62547500
2025-03-13,209.67999267578125,216.83999633789062,208.4199981689453,215.9499969482422,61368300
2025-03-14,213.49000549316406,213.9499969482422,209.5800018310547,211.25,60107600
2025-03-17,214.0,215.22000122070312,209.97000122070312,213.30999755859375,48073400
2025-03-18,212.69000244140625,215.14999389648438,211.49000549316406,214.16000366210938,42432400
2025-03-19,215.24000549316406,218.75999450683594,213.75,214.22000122070312,54385400
2025-03-20,214.10000610351562,217.49000549316406,212.22000122070312,213.99000549316406,48862900
2025-03-21,218.27000427246094,218.83999633789062,211.27999877929688,211.55999755859375,94127800
2025-03-24,220.72999572753906,221.47999572753906,218.5800018310547,221.0,44299500
2025-03-25,223.75,224.10000610351562,220.0800018310547,220.77000427246094,34493600
2025-03-26,221.52999877929688,225.02000427246094,220.47000122070312,223.50999450683594,34466100
2025-03-27,223.85000610351562,224.99000549316406,220.55999755859375,221.38999938964844,37094800
2025-03-28,217.89999389648438,223.80999755859375,217.67999267578125,221.6699981689453,39818600
2025-03-31,222.1300048828125,225.6199951171875,216.22999572753906,217.00999450683594,65299300
2025-04-01,223.19000244140625,223.67999267578125,218.89999389648438,219.80999755859375,36412700
2025-04-02,223.88999938964844,225.19000244140625,221.02000427246094,221.32000732421875,35905900
2025-04-03,203.19000244140625,207.49000549316406,201.25,205.5399932861328,103419000
2025-04-04,188.3800048828125,199.8800048828125,187.33999633789062,193.88999938964844,125910900
2025-04-07,181.4600067138672,194.14999389648438,174.6199951171875,177.1999969482422,160466300
2025-04-08,172.4199981689453,190.33999633789062,169.2100067138672,186.6999969482422,120859500
2025-04-09,198.85000610351562,200.61000061035156,171.88999938964844,171.9499969482422,184395900
2025-04-10,190.4199981689453,194.77999877929688,183.0,189.07000732421875,121880000
2025-04-11,198.14999389648438,199.5399932861328,186.05999755859375,186.10000610351562,87435900
2025-04-14,202.52000427246094,212.94000244140625,201.16000366210938,211.44000244140625,101352900
2025-04-15,202.13999938964844,203.50999450683594,199.8000030517578,201.86000061035156,51343900
2025-04-16,194.27000427246094,200.6999969482422,192.3699951171875,198.36000061035156,59732400
2025-04-17,196.97999572753906,198.8300018310547,194.4199981689453,197.1999969482422,51334300
2025-04-21,193.16000366210938,193.8000030517578,189.80999755859375,193.27000427246094,46742500
2025-04-22,199.74000549316406,201.58999633789062,195.97000122070312,196.1199951171875,52976400
2025-04-23,204.60000610351562,208.0,202.8000030517578,206.0,52929200
2025-04-24,208.3699951171875,208.8300018310547,202.94000244140625,204.88999938964844,47311000
2025-04-25,209.27999877929688,209.75,206.1999969482422,206.3699951171875,38222300
2025-04-28,210.13999938964844,211.5,207.4600067138672,210.0,38743100
2025-04-29,211.2100067138672,212.24000549316406,208.3699951171875,208.69000244140625,36827600
2025-04-30,212.5,213.5800018310547,206.6699981689453,209.3000030517578,52286500
2025-05-01,213.32000732421875,214.55999755859375,208.89999389648438,209.0800018310547,57365700
2025-05-02,205.35000610351562,206.99000549316406,202.16000366210938,206.08999633789062,100912500
