Price,Close,High,Low,Open,Volume
Ticker,AAPL,AAPL,AAPL,AAPL,AAPL
Date,,,,,
2019-01-02,37.66718292236328,37.88900903303251,36.78704108753549,36.94446559968314,148158800
2019-01-03,33.91524124145508,34.757218582521865,33.86992174974599,34.34219147056697,365248800
2019-01-04,35.363075256347656,35.43224829276365,34.2992750451496,34.473394125186296,234428400
2019-01-07,35.28435134887695,35.49902207708739,34.800154811914446,35.46801323378757,219111200
2019-01-08,35.956993103027344,36.21221198181423,35.42509299692517,35.67315290682018,164101200
2019-01-09,36.56759262084961,36.85858804414913,35.68983855941439,36.08577998955336,180396400
2019-01-10,36.68447494506836,36.72502301688656,35.983223685249385,36.37439738697707,143122800
2019-01-11,36.32431411743164,36.66062916232733,36.138268271220596,36.46504408995487,108092800
2019-01-14,35.778099060058594,36.0810213178373,35.59205323610921,35.98084307721351,129756800
2019-01-15,36.51035690307617,36.58668161697159,35.790023535594074,35.842498368694265,114843600
2019-01-16,36.95638656616211,37.180596538089034,36.49365596699989,36.51273805392303,122278800
2019-01-17,37.17583084106445,37.605168764223066,36.55567565877573,36.77988566528837,119284800
2019-01-18,37.404815673828125,37.65764701831298,37.204455531816905,37.5670079931064,135004000
2019-01-22,36.565216064453125,37.38334014007424,36.403020131262494,37.30701542527696,121576000
2019-01-23,36.713111877441406,37.00410747151052,36.18359554328533,36.76797062859087,92522400
2019-01-24,36.422119140625,36.84668580012331,36.19314125031968,36.758434284020005,101766000
2019-01-25,37.629024505615234,37.717279639931625,36.8085163508175,37.085197598121155,134142000
2019-01-28,37.280784606933594,37.28793993647679,36.65109013037413,37.15913672562548,104768400
2019-01-29,36.894371032714844,37.7172701564587,36.75841615979378,37.268850186364794,166348800
2019-01-30,39.41554260253906,39.630209759990834,38.21816776280465,38.93850123972467,244439200
2019-01-31,39.699371337890625,40.3099835237351,39.25095142161422,39.620659098999404,162958400
2019-02-01,39.718448638916016,40.30520723700507,39.577718728407824,39.82339827812812,130672400
2019-02-04,40.84666442871094,40.944458776160424,39.89973708480651,39.9307459363238,125982000
2019-02-05,41.5455322265625,41.760203032262986,41.10904256466571,41.23068680688681,144406400
2019-02-06,41.559837341308594,41.877070227096375,41.22829379954388,41.65762803699635,112958400
2019-02-07,40.7727165222168,41.48827840252376,40.62960269034103,41.1209545991594,126966800
2019-02-08,40.82063293457031,40.88051884510569,40.343939770856174,40.48048140134687,95280000
2019-02-11,40.58587646484375,41.01226749936198,40.54276036486366,40.97393964039359,83973600
2019-02-12,40.935611724853516,40.96196167096465,40.65055421378195,40.74637386107052,89134000
2019-02-13,40.765533447265625,41.31648453065105,40.70325341893869,41.055382849595446,89960800
2019-02-14,40.91405487060547,41.02424289927531,40.573903336868185,40.65295317751181,87342800
2019-02-15,40.82302474975586,41.12964030196994,40.66253095720206,41.02184640012285,98507200
2019-02-19,40.945186614990234,41.06735619273422,40.60024689439193,40.652946779860834,75891200
2019-02-20,41.20868682861328,41.51770013159029,40.959563083125786,41.00747107397199,104457600
2019-02-21,40.9763298034668,41.29013135127921,40.794277973667924,41.15359339271642,68998800
2019-02-22,41.43387222290039,41.44105824116632,41.05299863421966,41.10090664104139,75652800
2019-02-25,41.73570251464844,42.1285540805614,41.66863056352773,41.71893635444186,87493600
2019-02-26,41.75965118408203,41.99200885171948,41.481779631319185,41.61113526853311,68280800
2019-02-27,41.88898849487305,41.92013033276674,41.376365333009595,41.491348893626935,111341600
2019-02-28,41.47697830200195,41.89857743242861,41.42188429023783,41.75724756718137,112861600
2019-03-01,41.9129524230957,41.956068525306904,41.4147011961612,41.74766672099411,103544800
2019-03-04,42.12374496459961,42.57887635812763,41.67340181153097,42.0854171100522,109744800
2019-03-05,42.04709243774414,42.1596782345321,41.809942931822455,42.145306201775455,78949600
2019-03-06,41.805152893066406,42.03751049302754,41.666217157151316,41.84108297341277,83241600
2019-03-07,41.32127380371094,41.78598900406581,41.20629389135005,41.649447388331524,99185600
2019-03-08,41.41948699951172,41.457814854825195,40.60264240197744,40.79906991909989,95997600
2019-03-11,42.85435485839844,42.90705475053342,42.003977877888914,42.03751384059792,128044000
2019-03-12,43.335838317871094,43.75743378437187,42.96693908643046,43.11785274066941,129870400
2019-03-13,43.5274772644043,43.908350782047165,43.33823573830651,43.65682922421182,124130000
2019-03-14,44.011348724365234,44.09998235016081,43.73108312474761,44.05207070155969,94318000
2019-03-15,44.58386993408203,44.873719404132004,44.01375844350781,44.27965208275655,156171600
2019-03-18,45.03899002075195,45.12761998571348,44.50480514532851,44.50720292069204,104879200
2019-03-19,44.682071685791016,45.271350606371485,44.53594992962055,45.11804283392589,126585600
2019-03-20,45.072532653808594,45.391126136977775,44.250896059288934,44.61021152306901,124140800
2019-03-21,46.73255920410156,47.02959457859783,45.467769311319394,45.51807507467621,204136800
2019-03-22,45.76481246948242,47.35538206911971,45.70013466420761,46.79245306146932,169630800
2019-03-25,45.211463928222656,45.9875829138425,44.69884073019582,45.87499712059471,175381200
2019-03-26,44.744354248046875,46.203177772062595,44.21496485832889,45.91093424315701,199202000
2019-03-27,45.146785736083984,45.45579539339186,44.686862430594424,45.21385765635462,119393600
2019-03-28,45.2066764831543,45.407892265521994,44.92161896389378,45.261770497461804,83121600
2019-03-29,45.50131607055664,45.53245791503468,45.163558643228214,45.47257200189756,94256000
2019-04-01,45.81032180786133,45.91571792712544,45.125226929344564,45.9061377908816,111448000
2019-04-02,46.47626876831055,46.58166857902693,45.76482370112166,45.77440384066555,91062800
2019-04-03,46.79485321044922,47.07032694424774,46.2678542594757,46.29181008639122,93087200
2019-04-04,46.87629318237305,47.03918109506206,46.26545619949787,46.660701723928206,76457200
2019-04-05,47.19009017944336,47.214046001998675,46.933776767653775,47.058340465679805,74106400
2019-04-08,47.93269348144531,47.96383167541848,47.03200687432093,47.051170807998744,103526800
2019-04-09,47.78895568847656,48.59142833628125,47.72427788290095,47.98538322572627,143072800
2019-04-10,48.0572395324707,48.08598725216494,47.47275251901036,47.5925243281573,86781200
2019-04-11,47.65720748901367,48.14827269278017,47.53504154579498,48.1123426080529,83603200
2019-04-12,47.6380500793457,47.94227157387949,47.00086667370836,47.71709993171179,111042800
2019-04-15,47.724273681640625,47.87279320933779,47.43203017716153,47.56857179300715,70146400
2019-04-16,47.72907257080078,48.23690394243434,47.56378686640977,47.77937834588998,102785600
2019-04-17,48.658504486083984,48.718390400666316,47.57576612699448,47.798539974770605,115627200
2019-04-18,48.83335494995117,48.90282098071948,48.51236742614105,48.65609138277565,96783200
2019-04-22,48.99385452270508,49.09206828056482,48.46925342917841,48.58663111455801,77758000
2019-04-23,49.70050811767578,49.76518591703758,48.84294153906798,48.96989936235323,93292000
2019-04-24,49.62385940551758,49.940055097317824,49.59750945993875,49.671767400621164,70162400
2019-04-25,49.173519134521484,49.767586350455105,49.13519127410101,49.54481251515973,74172800
2019-04-26,48.93877029418945,49.106450124561164,48.41656321657909,49.08249429658827,74596400
2019-04-29,49.01301956176758,49.33879902670251,48.83336184923314,48.962713793993906,88818800
2019-04-30,48.069210052490234,48.72316300642903,47.69552265023949,48.641719065968225,186139600
2019-05-01,50.42872619628906,51.57613857993993,50.11971286557231,50.27541841873172,259309200
2019-05-02,50.10054397583008,50.93894660089634,49.85621212822972,50.26582964959497,127985200
2019-05-03,50.72336196899414,50.74492001774366,50.359254640038046,50.5173543078257,83569600
2019-05-06,49.9400634765625,50.02629934427642,48.74713701914192,48.93637491085356,129772400
2019-05-07,48.59382247924805,49.6861408820944,48.107549187236586,49.3172452883824,155054800
2019-05-08,48.60340881347656,49.187895948680975,48.327935057117806,48.363865145287626,105358000
2019-05-09,48.081199645996094,48.311159493192925,47.108653053779015,48.004543926833236,139634400
2019-05-10,47.415103912353516,47.81668552890856,46.35465119827149,47.47281709736525,164834800
2019-05-13,44.65937423706055,45.56352565158983,43.969237551972455,45.13790320254019,229722400
2019-05-14,45.366336822509766,45.61641996040873,44.58482197139578,44.825288079430855,146118800
2019-05-15,45.909786224365234,46.109373522683946,44.731503831500206,44.79162035499784,106178800
2019-05-16,45.707794189453125,46.28250798976161,45.409614921095844,45.66691539503033,132125600
2019-05-17,45.44809341430664,45.9049775417883,44.9094480232914,44.950326820447415,131516400
2019-05-20,44.026947021484375,44.32993672221793,43.35123771940764,44.13034937515096,154449200
2019-05-21,44.8709831237793,45.20763425158095,44.4140952569375,44.53913867693045,113459200
2019-05-22,43.952388763427734,44.65695626906418,43.89708259372516,44.40446615722558,118994400
2019-05-23,43.202144622802734,43.41375231638336,42.757280826698924,43.23580973331932,146118800
2019-05-24,43.036224365234375,43.798501570942584,42.95205975050922,43.331996683151345,94858800
2019-05-28,42.8582763671875,43.42577656810654,42.78132911529811,43.02419858026453,111792800
2019-05-29,42.65388107299805,43.12759961775198,42.322036656878375,42.42303198586659,113924800
2019-05-30,42.8751106262207,43.09874236022646,42.48314967010351,42.790946015164984,84873600
2019-05-31,42.09840774536133,42.80056841474609,42.079170014378214,42.377345671561514,108174400
2019-06-03,41.67278289794922,42.78373529332015,40.944170785501775,42.22585575514875,161584400
2019-06-04,43.19734191894531,43.243031077566705,41.96615632302049,42.18738475546183,123872000
2019-06-05,43.89468002319336,44.483824900129896,43.558028952848034,44.31309235566953,119093600
2019-06-06,44.53913116455078,44.599247689319995,43.80089847915856,44.0245338592952,90105200
2019-06-07,45.72462463378906,46.15025063198151,44.67138567566746,44.84932823041656,122737600
2019-06-10,46.3089599609375,46.979858736253505,46.07811090053658,46.12380004462165,104883600
2019-06-11,46.8452033996582,47.13135866433859,46.554241454504776,46.85722743928427,107731600
2019-06-12,46.69610595703125,47.12413526109655,46.50373237033179,46.63839278025512,73012800
2019-06-13,46.686492919921875,47.32132329173808,46.55423949726058,46.818750011804745,86698400
2019-06-14,46.347434997558594,46.551828970276844,45.76069715733906,46.06127976653175,75046000
2019-06-17,46.62397003173828,46.881270509200554,46.21036806350342,46.38590728177779,58676400
2019-06-18,47.72049331665039,48.16295002763674,46.94138555800512,47.14337618660047,106204000
2019-06-19,47.581031799316406,48.06437106719529,47.446371354072,48.01627490598919,84496800
2019-06-20,47.963375091552734,48.23990966867827,47.61950662348392,48.18219647753628,86056000
2019-06-21,47.79985427856445,48.297620900261016,47.64835945122694,47.804664628269926,191202400
2019-06-24,47.75175857543945,48.131695453723225,47.65316659383222,47.742137876676,72881600
2019-06-25,47.0279655456543,47.91528253491197,46.96063164964654,47.71569519507535,84281200
2019-06-26,48.045127868652344,48.33128311684101,47.4559866531459,47.55698197558516,104270000
2019-06-27,48.030696868896484,48.470750242280026,47.98981807498277,48.162950279526235,83598800
2019-06-28,47.59306335449219,47.97300033883578,47.38385896325599,47.775816320577164,124442400
2019-07-01,48.46595001220703,49.17292103281461,48.24952829020482,48.85550397490018,109012000
2019-07-02,48.749698638916016,48.84588729468157,48.42026120732135,48.432285247944804,67740800
2019-07-03,49.15367889404297,49.16089258387397,48.74007688736449,48.881951013003054,45448000
2019-07-05,49.11039733886719,49.314795019704455,48.79057694151647,48.8987896367962,69062000
2019-07-08,48.09803771972656,48.42987849350585,47.71088709263234,48.28800435337881,101354400
2019-07-09,48.39140319824219,48.456326408652934,47.80706861999297,47.90085025980805,82312000
2019-07-10,48.86992263793945,48.99015568341827,48.468344706346755,48.538081927488435,71588400
2019-07-11,48.514034271240234,49.14886461010248,48.504417241975965,48.88916078931046,80767200
2019-07-12,48.886775970458984,49.055101565515706,48.62226170021072,48.68237824624689,70380800
2019-07-15,49.34605026245117,49.50475510070153,49.05508466541941,49.07672573392334,67789600
2019-07-16,49.17531204223633,49.5624625674306,48.93484596868016,49.19695310824332,67467200
2019-07-17,48.89878845214844,49.317197165331336,48.87955072165859,49.067114007407184,56430000
2019-07-18,49.45425796508789,49.50716079951146,48.98294280455651,49.0550833668815,74162400
2019-07-19,48.71601867675781,49.6562418608869,48.6607125098152,49.48550934221066,83717200
2019-07-22,49.82939529418945,49.83179863474039,48.96131235641413,48.97092938784009,89111600
2019-07-23,50.218936920166016,50.2357713075465,49.84621375004897,50.127562301827695,73420800
2019-07-24,50.17806625366211,50.29348896717759,49.81736706335707,49.93760012679208,59966400
2019-07-25,49.781288146972656,50.31512312993887,49.71155093007627,50.23095853553871,55638400
2019-07-26,49.954437255859375,50.432962526265854,49.81015610413778,49.89191371114303,70475600
2019-07-29,50.42094802856445,50.651797181167275,50.12277230676336,50.12758265785709,86693600
2019-07-30,50.20451736450195,50.53636179168531,49.85103186664713,50.19970701461211,135742800
2019-07-31,51.22890090942383,53.231984141806734,50.81049220631971,52.04167757423722,277125600
2019-08-01,50.12034606933594,52.42882203289072,49.71396145377212,51.43569589333076,216071600
2019-08-02,49.05989074707031,49.639411212184626,48.48517696172439,49.422993207528634,163448400
2019-08-05,46.49171829223633,47.76859278950879,46.30896536379563,47.60988794051476,209572000
2019-08-06,47.37181854248047,47.62911901355669,46.66003731946605,47.205896357464404,143299200
2019-08-07,47.86237335205078,47.98741675776175,46.60714362220231,46.98948385994093,133457600
2019-08-08,48.91801452636719,48.94206260285854,47.94653314519031,48.14131008941781,108038000
2019-08-09,48.514915466308594,48.9421549559732,48.104566960105785,48.58974259670762,98478800
2019-08-12,48.39181900024414,48.770787036366336,48.070783439340296,48.184232234665835,89927600
2019-08-13,50.44112777709961,51.20630115968512,48.39181232795686,48.52215945843499,188874000
2019-08-14,48.93973922729492,49.83043100155141,48.901117587348956,49.0387057984706,146189600
2019-08-15,48.695953369140625,49.516643067417526,48.196295505607196,49.11112684469137,108909600
2019-08-16,49.84491729736328,50.00422881287805,49.20284629228568,49.30905396929552,110481600
2019-08-19,50.77423095703125,51.34871224697253,50.69698767052605,50.83940083646206,97654400
2019-08-20,50.77664566040039,51.49837245736053,50.76699209074424,50.90216416490711,107537200
2019-08-21,51.32699203491211,51.570784266648715,51.075958705026295,51.411476424203315,86141600
2019-08-22,51.283531188964844,51.761461949759834,50.8707702933952,51.45973733354752,89014800
2019-08-23,48.91318893432617,51.18457310518978,48.51732631964166,50.552155700353445,187272000
2019-08-26,49.84251022338867,50.01147532640068,49.49733523572707,49.69043978909637,104174400
2019-08-27,49.28009796142578,50.33975507394486,49.128027517733194,50.17320243240788,103493200
2019-08-28,49.610782623291016,49.65664536777837,49.07733540717467,49.26561132852902,63755200
2019-08-29,50.450782775878906,50.52561359602424,49.883542544557216,50.32768042308482,83962000
2019-08-30,50.3856086730957,50.798365969361676,50.013881807829335,50.72836746477032,84573600
2019-09-03,49.65180206298828,49.96076777506122,49.294561148996785,49.82800820741383,80092000
2019-09-04,50.49422836303711,50.56422686699448,50.0428494281787,50.3011238345456,76752400
2019-09-05,51.481468200683594,51.64802080265734,51.05422504994603,51.17250244285144,95654800
2019-09-06,51.47664260864258,51.75664399416829,51.29560780159514,51.66733466797025,77449200
2019-09-09,51.696292877197266,52.24422585896374,50.948017974102775,51.858016843509574,109237600
2019-09-10,52.30699157714844,52.32630239930841,51.10250897061731,51.621473964701686,127111600
2019-09-11,53.970096588134766,53.99906466223968,52.555611127572114,52.63768304051297,177158400
2019-09-12,53.849403381347656,54.65319832869928,53.79388707442424,54.26216434253562,128906800
2019-09-13,52.801822662353516,53.29423575367592,52.38423670755513,53.10354736328125,159053200
2019-09-16,53.07939910888672,53.13491909652476,52.5145714464053,52.555605556945004,84632400
2019-09-17,53.272518157958984,53.301486236897624,52.891137653208865,53.09389947312638,73274800
2019-09-18,53.77216339111328,53.79147421145963,52.968368449613095,53.359402432930125,101360000
2019-09-19,53.33525848388672,54.011118676464925,53.19284166608606,53.58870421452264,88242400
2019-09-20,52.55561447143555,53.72147916215501,52.49285705934677,53.43665281133341,221652400
2019-09-23,52.79457473754883,53.06491885601095,52.536296659033326,52.85009104405536,76662000
2019-09-24,52.54355239868164,53.70459231512869,52.42527865547607,53.35217619121432,124763200
2019-09-25,53.35216522216797,53.46561399799053,52.413198153006064,52.75354448047375,87613600
2019-09-26,53.07699203491211,53.33044150405339,52.82113009425691,53.10354395421572,75334000
2019-09-27,52.818721771240234,53.33527431931226,52.44699487179342,53.23389157716284,101408000
2019-09-30,54.06181335449219,54.20905512331486,53.29422396980877,53.32077588494604,103909600
2019-10-01,54.21147918701172,55.087688890747934,54.11734122833316,54.327344123202884,139223200
2019-10-02,52.852516174316406,53.967689535520684,52.603891622167716,53.84217102356307,138449200
2019-10-03,53.30147171020508,53.33526472378757,51.92802050967,52.72457064170894,114426000
2019-10-04,54.79561233520508,54.91147725992179,54.04250874035877,54.464923276753645,138478800
2019-10-07,54.80768585205078,55.50044456107499,54.5132022602144,54.616997468728556,122306000
2019-10-08,54.165611267089844,55.049061984514516,54.14871660081996,54.50837373327863,111820000
2019-10-09,54.800453186035156,54.983900499682875,54.46493542674954,54.800453186035156,74770400
2019-10-10,55.53907775878906,55.62356216275532,54.8656297317941,55.01769650250449,113013600
2019-10-11,57.01630783081055,57.361479077924194,56.07492467082694,56.22940755120689,166795600
2019-10-14,56.934242248535156,57.47976285795485,56.64458727603736,56.70010358900176,96427600
2019-10-15,56.801490783691406,57.36390242184985,56.695283092707,57.05976522934613,87360000
2019-10-16,56.57217025756836,56.78217314249817,56.28975639489996,56.33079051000604,73903200
2019-10-17,56.79182815551758,57.001827362623146,56.3670011149469,56.74596541300883,67585200
2019-10-18,57.06458282470703,57.34699666668624,56.55285529281265,56.62526994840889,97433600
2019-10-21,58.05424499511719,58.170109932280326,57.284246651344915,57.332521866914796,87247200
2019-10-22,57.921485900878906,58.46217417871,57.83941398742584,58.21114086159737,82293600
2019-10-23,58.698734283447266,58.713220164388346,58.22563196794203,58.43804735711928,75828800
2019-10-24,58.79528045654297,59.0897640487482,58.368037264054614,59.0197618580704,69275200
2019-10-25,59.51942443847656,59.55562993089987,58.62632002145907,58.69390606275793,73477200
2019-10-28,60.11562728881836,60.163902502037004,59.553212031072555,59.722177118919156,96572800
2019-10-29,58.72527313232422,60.284587815120595,58.55148311451977,60.09631191960024,142839600
2019-10-30,58.718040466308594,59.21045725080775,58.223214893254514,59.080110114785,124522000
2019-10-31,60.045623779296875,60.14459035827578,57.26975672386108,59.67872922036852,139162000
2019-11-01,61.7497673034668,61.776315539223695,60.14217733942509,60.23389913674113,151125200
2019-11-04,62.15528106689453,62.23976544646401,61.64355721303343,62.114243271220836,103272000
2019-11-05,62.065975189208984,62.32183713033984,61.87045818450192,62.046660684411236,79897600
2019-11-06,62.092533111572266,62.152878057409616,61.641154095321134,61.979084318744995,75864400
2019-11-07,62.80914306640625,63.03188236655262,62.48956348341187,62.64209043840646,94940400
2019-11-08,62.981048583984375,63.05367695601357,62.18452295800762,62.62999421281498,69986400
2019-11-11,63.47978591918945,63.54515145691067,62.530733281478504,62.53557271034788,81821200
2019-11-12,63.42168426513672,63.62263511077669,63.169900938505386,63.322420546805475,87388800
2019-11-13,64.02935791015625,64.10440969122351,63.206204338539365,63.220730013040075,102734400
2019-11-14,63.5863037109375,64.12861520731462,63.45556526504659,63.85503605080437,89182800
2019-11-15,64.34166717529297,64.3465066034145,63.67588008080837,63.838085889938284,100206400
2019-11-18,64.66609191894531,64.74598312645759,63.97125341720809,64.351351740566,86703200
2019-11-19,64.46998596191406,64.88398243780993,64.25209346872889,64.85977051891373,76167200
2019-11-20,63.71946334838867,64.41914128522336,63.04398994297534,64.2884102171619,106234400
2019-11-21,63.43379211425781,63.918001035672695,63.23284127434323,63.84052583502028,121395200
2019-11-22,63.37810134887695,63.71704609436151,63.15052257938561,63.574205358351634,65325200
2019-11-25,64.48934936523438,64.50629844685929,63.5572459255858,63.60324635374478,84020400
2019-11-26,63.98580551147461,64.68064430011549,63.552436352913396,64.62738101030102,105207600
2019-11-27,64.84526824951172,64.87916642588914,64.23274416140848,64.29810971642397,65235600
2019-11-29,64.70240020751953,64.88397850557618,64.37555779332959,64.54503382689174,46617600
2019-12-02,63.954307556152344,64.94451379506343,63.7824154784312,64.70724879218962,94487200
2019-12-03,62.81399154663086,62.83335664833734,62.04894073152174,62.5379889753423,114430400
2019-12-04,63.368412017822266,63.74851775139017,63.11178190955831,63.20620618501214,67181600
2019-12-05,64.29810333251953,64.37316251726821,63.6081114883114,63.864741641186775,74424400
2019-12-06,65.54008483886719,65.61029718875501,64.7145078879973,64.75809229839278,106075600
2019-12-09,64.62251281738281,65.56187172842363,64.13588058559877,65.36819115445321,128042400
2019-12-10,65.00019073486328,65.38513583692486,64.36587101264504,65.02924208016003,90420400
2019-12-11,65.55463409423828,65.6345327183375,65.00505952827083,65.08011133367123,78756800
2019-12-12,65.7216567993164,65.98797311069951,64.71934844903421,64.83071440163451,137310400
2019-12-13,66.61503601074219,66.65135019950229,65.59335496579085,65.72167002503738,133587600
2019-12-16,67.75535583496094,67.9805186152765,67.0581011428802,67.06294057261299,128186000
2019-12-17,67.88850402832031,68.21776250630693,67.49871205445935,67.68513719395666,114158400
2019-12-18,67.7262954711914,68.24924196202495,67.57619189657501,67.7408211469,116028400
2019-12-19,67.7940902709961,68.07493233966673,67.5350441062106,67.66819860784388,98369200
2019-12-20,67.65367126464844,68.43082451674849,67.44061815652887,68.32914478051804,275978000
2019-12-23,68.75765991210938,68.81818602118693,67.87881962615262,67.91755722257518,98572000
2019-12-24,68.82302856445312,68.97313952804878,68.49619347139719,68.92471568321903,48478800
2019-12-26,70.1884994506836,70.2054485347973,68.92713738051157,68.95618873131151,93121200
2019-12-27,70.161865234375,71.1714440213529,69.75513153983424,70.48144487513187,146266000
2019-12-30,70.57829284667969,70.86155832914824,69.05303763215029,70.07955822664286,144114400
2019-12-31,71.09396362304688,71.10122646033071,70.09407115580855,70.19333485764807,100805600
2020-01-02,72.71607971191406,72.77660582997152,71.46681974859514,71.7210264890596,135480400
2020-01-03,72.0091323852539,72.77176000550182,71.78397699623217,71.9413434276417,146322800
2020-01-06,72.58290100097656,72.62163859417052,70.87606782262263,71.12785848416316,118387200
2020-01-07,72.24153900146484,72.84921605109494,72.02122310005907,72.59258596559819,108872000
2020-01-08,73.40364074707031,73.70627127642481,71.94375136900179,71.94375136900179,132079200
2020-01-09,74.96280670166016,75.15648731833909,74.1323901596974,74.38417348369161,170108400
2020-01-10,75.13226318359375,75.69879404161257,74.62868922900458,75.19763610714092,140644800
2020-01-13,76.7374267578125,76.76406209011934,75.33080045122755,75.44943665950792,121532000
2020-01-14,75.70121765136719,76.88511195829709,75.57774940600967,76.67448226895164,161954400
2020-01-15,75.37680053710938,76.38395596192076,74.94343149157285,75.50027617412253,121923600
2020-01-16,76.32101440429688,76.4323877854954,75.55838676505513,75.92154348740286,108829200
2020-01-17,77.16596221923828,77.16837823985516,76.26290986480943,76.57037988918707,137816400
2020-01-21,76.64300537109375,77.23615682397768,76.50500406521856,76.79310894375465,110843200
2020-01-22,76.91657257080078,77.47098633963294,76.82214830621916,77.12961824131806,101832400
2020-01-23,77.2869873046875,77.3668785027068,76.42024944843635,76.96983114393875,104472000
2020-01-24,77.06425476074219,78.27961624864055,76.87299020657808,77.53393791090298,146537600
2020-01-27,74.79816436767578,75.48089322464955,73.81279759380895,75.06689673049003,161940000
2020-01-28,76.91416931152344,77.08606141566885,75.5825947326495,75.68185845150586,162234000
2020-01-29,78.52413940429688,79.37392820388496,77.80751245640747,78.55077473001256,216229200
2020-01-30,78.41036224365234,78.46362551493233,77.17078871761717,77.60415772537527,126743200
2020-01-31,74.93373107910156,78.12224171387334,74.6383634318401,77.69855903722024,199588400
2020-02-03,74.72796630859375,75.89732764326911,73.16881293673191,73.67238698147514,173788400
2020-02-04,77.19501495361328,77.38627956164633,75.93122927201843,76.33796302533938,136616400
2020-02-05,77.82447052001953,78.62583557722229,77.21920945636545,78.32562106551018,118826800
2020-02-06,78.73479461669922,78.73721802576215,77.53638189287197,78.0956426416798,105425600
2020-02-07,77.66456604003906,78.48239314790939,77.17192792843306,78.23243405494627,117684000
2020-02-10,78.03343963623047,78.03343963623047,76.1648155367922,76.24489635857795,109348800
2020-02-11,77.56263732910156,78.60373238920275,77.34422769426291,78.53093164624849,94323200
2020-02-12,79.40458679199219,79.40943770675925,78.0140331926388,78.0140331926388,113730400
2020-02-13,78.83912658691406,79.16674472243865,78.47025716819051,78.67410664216737,94747600
2020-02-14,78.85856628417969,79.10852542853588,78.34893875905203,78.80759834748271,80113600
2020-02-18,77.41459655761719,77.59660579717271,76.34923225388421,76.53124149343974,152531200
2020-02-19,78.53577423095703,78.76632223582008,77.65727746459481,77.65727746459481,93984000
2020-02-20,77.7300796508789,78.78573476731503,77.222881436687,78.29552586031969,100566000
2020-02-21,75.97066497802734,77.76649566805042,75.35183643347615,77.32238890983989,129554000
2020-02-24,72.36202239990234,73.81809639904387,70.19004979476811,72.13876186738017,222195200
2020-02-25,69.91095733642578,73.41767156165426,69.4377377687625,73.03424203168211,230673600
2020-02-26,71.02001190185547,72.28922581008212,69.52753744829661,69.53481752247102,198054800
2020-02-27,66.37757110595703,69.4062083168437,66.2416714304022,68.21708245275049,320605600
2020-02-28,66.3387222290039,67.5642555180985,62.21560874045817,62.43159658691093,426510000
2020-03-02,72.51492309570312,73.15317015362184,67.39682304876307,68.50343887480543,341397200
2020-03-03,70.21192169189453,73.77444923958154,69.35768648718881,73.69436839212973,319475600
2020-03-04,73.46863555908203,73.62880458228122,71.13649400429283,71.93976087414214,219178400
2020-03-05,71.08554077148438,72.69449642985231,70.71909308665877,71.71650028960082,187572800
2020-03-06,70.14152526855469,70.57592284013839,68.24863164787311,68.43549184953756,226176800
2020-03-09,64.59388732910156,67.48661751740467,63.824591466108316,64.00660075736148,286744800
2020-03-10,69.24604797363281,69.51299644350358,65.37046275999084,67.25608395618609,285290000
2020-03-11,66.84107208251953,68.24618550081415,65.97470631539656,67.31672823268998,255598800
2020-03-12,60.2402229309082,65.52334718322183,60.18440778310747,62.11128014089965,418474000
2020-03-13,67.45748901367188,67.93071607578169,61.38565875889742,64.28325061879912,370732000
2020-03-16,58.779293060302734,62.873283657436204,58.242970742071286,58.71619413875295,322423600
2020-03-17,61.36383056640625,62.516552460533894,57.854689540395675,60.065496044248015,324056000
2020-03-18,59.861629486083984,60.6697510139483,57.54404425675361,58.187145839294104,300233600
2020-03-19,59.40297317504883,61.35896558109421,58.87636011980493,60.036365596883776,271857200
2020-03-20,55.631744384765625,61.11386300197094,55.330821042511275,59.985403245758334,401693200
2020-03-23,54.44988250732422,55.45214789716105,51.595978985823706,55.35022316814183,336752800
2020-03-24,59.91259765625,60.10916707001685,56.85969513959366,57.359613328429845,287531200
2020-03-25,59.582550048828125,62.67185273031452,59.286481367958,60.85176020184459,303602000
2020-03-26,62.71797561645508,62.77621621978865,59.786412185369784,59.825241722917845,252087200
2020-03-27,60.121307373046875,62.09428547221415,59.95385824110164,61.33712804392787,204216800
2020-03-30,61.83704376220703,62.0093475048291,60.52414930589501,60.849342024154396,167976400
2020-03-31,61.71084976196289,63.700817094858024,61.15511640489983,62.0287624061651,197002000
2020-04-01,58.463802337646484,60.35912485054445,58.03183398758983,59.82037714150967,176218400
2020-04-02,59.43937301635742,59.49276269917482,57.49066070248686,58.32547715782636,165934000
2020-04-03,58.585147857666016,59.62623930857482,57.99301040837071,58.92247157470053,129880000
2020-04-06,63.69597244262695,63.85128318813444,60.519304472441405,60.88817397325163,201820400
2020-04-07,62.95820999145508,65.93588600447147,62.853859800879945,65.71746898385814,202887200
2020-04-08,64.5696029663086,64.88508270225176,63.395037501230945,63.76147775323179,168895200
2020-04-09,65.03556060791016,65.54033721316215,64.2371518120858,65.20786807728709,161834800
2020-04-13,66.31204223632812,66.42125075775364,64.51136064871955,65.11320728466447,131022800
2020-04-14,69.66100311279297,69.95222087152594,67.47689214022147,67.95011914666873,194994800
2020-04-15,69.02518463134766,69.48627323972364,68.10300741459568,68.5325465687292,131154400
2020-04-16,69.57363891601562,69.94008655387744,68.52041300810855,69.74108800841772,157125200
2020-04-17,68.62963104248047,69.63675500516926,67.1881169210457,69.08829799292641,215250000
2020-04-20,67.20511627197266,68.35784190926253,67.18570520408012,67.45265367496387,130015200
2020-04-21,65.12776184082031,67.28275253901889,64.41428499057956,67.04735361351801,180991600
2020-04-22,67.00366973876953,67.44048895263322,66.05722317141493,66.39939402555568,116862400
2020-04-23,66.74401092529297,68.37481424450658,66.7051813931717,66.94786041444767,124814400
2020-04-24,68.6708984375,68.68060767421453,67.22210405742399,67.27064283501898,126161200
2020-04-27,68.71942901611328,69.05189812563647,67.93800218832392,68.38695250061332,117087600
2020-04-28,67.60552978515625,69.36495298340253,67.51331796268283,69.18294368703222,112004800
2020-04-29,69.82603454589844,70.29683242001799,68.89414803177873,69.0979975124322,137280800
2020-04-30,71.29908752441406,71.47624586127782,69.97649141267905,70.36720104938254,183064000
2020-05-01,70.1512451171875,72.56104666200604,69.36981816458832,69.46688831772317,240616800
2020-05-04,71.14379119873047,71.27241079901312,69.4838673851674,70.17550415897956,133568000
2020-05-05,72.21157836914062,73.04639490337159,71.45927182415636,71.60488073705282,147751200
2020-05-06,72.95658111572266,73.58996968279646,72.5294637517046,72.91532243152679,142333600
2020-05-07,73.71133422851562,74.05837090774547,73.28179496479571,73.58514378532654,115215200
2020-05-08,75.46578979492188,75.51932400836401,74.04470854157813,74.37321360469922,133838400
2020-05-11,76.65326690673828,77.14966694282032,74.7625416518722,74.97181444929954,145946400
2020-05-12,75.7772445678711,77.79206581684177,75.65557660011677,77.3394571152635,162301200
2020-05-13,74.86228942871094,76.88198188882791,73.78187742017185,75.95730099741765,200622400
2020-05-14,75.32221984863281,75.38305384243762,73.37309631079928,74.0982401903213,158929200
2020-05-15,74.87692260742188,74.92315704405203,73.05190250683913,73.08597311320905,166348400
2020-05-18,76.64109802246094,77.01583751017019,75.51202293913698,76.20553196590271,135178400
2020-05-19,76.19822692871094,77.50736817025115,76.16659206539425,76.65812803670754,101729600
2020-05-20,77.68013763427734,77.75069971271533,77.02069186607584,77.05962650901947,111504800
2020-05-21,77.10099029541016,78.08406952411508,76.86251841252941,77.54142773114201,102688800
2020-05-22,77.59740447998047,77.68013781166567,76.73599313969208,76.83819007988166,81803200
2020-05-26,77.0718002319336,78.89924821688763,77.01583028852903,78.71918198527375,125522000
2020-05-27,77.40757751464844,77.55358053594881,76.18603400268027,76.92821293344798,112945200
2020-05-28,77.4416732788086,78.70458757066594,76.80413421876992,77.08153336599706,133560800
2020-05-29,77.3662338256836,78.14734015890691,77.00852967618476,77.68500333141107,153532400
2020-06-01,78.31767272949219,78.43934069786921,77.18859041846218,77.31999390359594,80791200
2020-06-02,78.68023681640625,78.70457189402366,77.60712449987925,78.04999766403765,87642800
2020-06-03,79.1133804321289,79.37618740858451,78.42717129207927,79.00144797787304,104491200
2020-06-04,78.43204498291016,79.23505064541881,78.05730554159499,78.93575218035002,87560400
2020-06-05,80.66587829589844,80.7267122915967,78.6534923915688,78.68269152133999,137250400
2020-06-08,81.1427993774414,81.17686997307266,79.64872058754821,80.36169309987528,95654400
2020-06-09,83.70512390136719,84.09932691847067,80.78996422247816,80.82159908143493,147712400
2020-06-10,85.85865783691406,86.32829444981938,84.21614013366542,84.65657762001017,166651600
2020-06-11,81.7365493774414,85.42552350785493,81.63435243044103,84.99968556796321,201662400
2020-06-12,82.44219970703125,84.6322228005878,81.32772455576006,83.88275149824271,200146000
2020-06-15,83.46177673339844,84.11635088882359,80.92864916064586,81.09168747869046,138808800
2020-06-16,85.67371368408203,85.94625617218522,83.88276474697345,85.52284659086101,165428800
2020-06-17,85.55448150634766,86.48159083556952,85.43281353741015,86.42075685110076,114406400
2020-06-18,85.58855438232422,86.00709250366052,84.97777878565866,85.51068509788405,96820400
2020-06-19,85.09944915771484,86.76386617293707,83.9874020783935,86.29666530516798,264476000
2020-06-22,87.32597351074219,87.46954083393744,85.4474196297417,85.4936540555532,135445200
2020-06-23,89.18992614746094,90.61344295119446,88.1533126161021,88.57428648623221,212155600
2020-06-24,87.61554718017578,89.73987283324034,87.24080771386359,88.81762744432615,192623200
2020-06-25,88.77867889404297,88.81761353356403,87.00962937456471,87.77127201576967,137522400
2020-06-26,86.05088806152344,88.89548574168278,85.90244927933195,88.67404914924855,205256800
2020-06-29,88.03408813476562,88.12899272885664,85.47906041478672,85.95843257929042,130646000
2020-06-30,88.76895141601562,89.0560934802323,87.60094182870904,87.62040543722048,140223200
2020-07-01,88.60104370117188,89.39188548967921,88.55238096980085,88.84681537177396,110737200
2020-07-02,88.60104370117188,90.14866410882917,88.48668294073944,89.51112514748854,114041600
2020-07-06,90.97113037109375,91.4407668896368,90.0026507872914,90.03428564338377,118655600
2020-07-07,90.6888656616211,92.13184590156695,90.57693321642051,91.35073966867222,112424400
2020-07-08,92.80101776123047,92.83265261870064,91.58190243701405,91.6695072289332,117092000
2020-07-09,93.20012664794922,93.75006097543219,92.14891331286267,93.69652675671874,125642800
2020-07-10,93.3631362915039,93.42154196968667,92.18052712914378,92.79373105488341,90257200
2020-07-13,92.93243408203125,97.29058186234049,92.71829725665447,94.67228464918172,191649200
2020-07-14,94.4703140258789,94.6625440704525,91.37508059280022,92.31191801469724,170989200
2020-07-15,95.12003326416016,96.60194849384463,93.91795292676309,96.35131273104463,153198000
2020-07-16,93.94956970214844,94.80854525062085,93.34852964918174,93.98850434264295,110577600
2020-07-17,93.759765625,94.55790717010848,93.2852575959958,94.4021760380504,92186800
2020-07-20,95.73565673828125,95.8743600058145,93.50183459957924,93.84737490055309,90318000
2020-07-21,94.41435241699219,96.60437605553066,94.16371667540041,96.52894250206293,103433200
2020-07-22,94.6795883178711,95.36336177523553,94.02744972364847,94.11504710524962,89001600
2020-07-23,90.3701171875,94.4897935351177,89.5573759076989,94.4119242394898,197004400
2020-07-24,90.14623260498047,90.4917729162458,86.76872848149942,88.56212064394785,185438800
2020-07-27,92.28272247314453,92.37519132147816,90.98818087454525,91.212045787962,121214000
2020-07-28,90.76673889160156,92.02965297999799,90.76186742027873,91.852015075252,103625600
2020-07-29,92.506591796875,92.69152948751328,91.21447855018052,91.25097745595819,90329200
2020-07-30,93.62594604492188,93.73057872513968,91.26802000602063,91.67682263526055,158130000
2020-07-31,103.4275131225586,103.578380221725,98.13738457841312,100.14247783391713,374336800
2020-08-03,106.03364562988281,108.66167105374215,105.01650308916155,105.31580157029778,308151200
2020-08-04,106.74174499511719,107.83675673192468,105.49829447245462,106.22343825153119,173071600
2020-08-05,107.12865447998047,107.44985972369943,105.99470803547494,106.46191633779561,121776800
2020-08-06,110.86630249023438,111.36270996964782,106.87072984975072,107.46203450000841,202428800
2020-08-07,108.34565734863281,110.84434776897682,107.54607671169924,110.38605018937842,198045600
2020-08-10,109.92046356201172,110.9418802681056,107.26088038518569,109.79613607004357,212403600
2020-08-11,106.65142822265625,109.68154587218592,106.3905875156011,109.18181072713648,187902400
2020-08-12,110.19591522216797,110.45431580374148,107.5509582932633,107.74597507351805,165598000
2020-08-13,112.14611053466797,113.15290119524892,111.09056196029391,111.58055146808589,210082000
2020-08-14,112.04615783691406,112.13635327859295,110.23003348739779,111.97058828094455,165565200
2020-08-17,111.75360107421875,113.19675014720042,111.12466580650008,113.1723711964864,119561600
2020-08-18,112.68485260009766,113.11145831572809,111.1685737018232,111.50498397074077,105633600
2020-08-19,112.82623291015625,114.2450033462818,112.73116465257537,113.09438654850844,145538000
2020-08-20,115.32979583740234,115.44437022786464,112.85060421374463,112.86767022580362,126907200
2020-08-21,121.27302551269531,121.75813472539492,116.28051759278713,116.29270335052242,338054800
2020-08-24,122.72349548339844,125.57810257788931,120.85130757212758,125.4927725055599,345937600
2020-08-25,121.71670532226562,122.0628686712799,119.98834358364527,121.59238528346616,211495600
2020-08-26,123.37194061279297,123.83023825240734,121.96779591940656,123.03797045440116,163022400
2020-08-27,121.89707946777344,124.31044704258383,120.74889549672173,123.97647695855751,155552400
2020-08-28,121.69964599609375,123.2939271755795,121.4753699990524,122.87463439456488,187630000
2020-08-31,125.82675170898438,127.73795204194512,122.86245768919913,124.40311569012621,225702700
2020-09-01,130.8387451171875,131.44331646895694,127.27964057724809,129.45410665665014,151948100
2020-09-02,128.1279754638672,134.54412730802744,123.837546725689,134.16383937386541,200119000
2020-09-03,117.86992645263672,125.63171109830371,117.49939163024852,123.74977777668435,257599600
2020-09-04,117.94794464111328,120.6197131497007,108.1287004650969,117.08010734336685,332607200
2020-09-08,110.0106430053711,116.02700063472479,109.87412977263537,111.11250193799896,231366600
2020-09-09,114.39859771728516,116.1732773411802,112.38989645051765,114.34009416642051,176940500
2020-09-10,110.66397094726562,117.4994162494611,109.69862512916494,117.36290300000906,182274400
2020-09-11,109.21106719970703,112.3606396431834,107.26086957114084,111.71707085483806,180860300
2020-09-14,112.48737335205078,113.04317924788131,109.99112335525567,111.863310852852,140150100
2020-09-15,112.66291809082031,115.87099408811736,110.78097707840637,115.38344468012839,184642000
2020-09-16,109.33779907226562,113.11143318516581,109.2500437726085,112.3606105658123,154679000
2020-09-17,107.59239959716797,109.40608398688913,106.00299120807408,106.98784309353663,178011000
2020-09-18,104.17955780029297,108.11895805599245,103.44823366112779,107.65091477299849,287104900
2020-09-21,107.3388671875,107.44612864015869,100.53267495607115,101.93681947130294,195713800
2020-09-22,109.0257797241211,110.0496363016209,106.44177420460605,109.874118243747,183055400
2020-09-23,104.45258331298828,109.31832411053182,104.11129279067556,108.84052779447258,150718700
2020-09-24,105.52519989013672,107.50464938695539,102.38538036852894,102.55114538938055,167743300
2020-09-25,109.48409271240234,109.64011209223098,104.98888662302512,105.72996379838419,149981400
2020-09-28,112.09737396240234,112.44841017818744,109.97165796211014,112.14613188547817,137672400
2020-09-29,111.24903106689453,112.43865292735711,110.74198290705544,111.69758311216263,99382200
2020-09-30,112.92618560791016,114.34008328098176,110.79072437109879,110.95648937570999,142675200
2020-10-01,113.88176727294922,114.78860927558267,112.94567350239404,114.71059960151675,116120400
2020-10-02,110.20565032958984,112.49713819553232,109.4255758436502,110.07889017847046,144712000
2020-10-05,113.5989990234375,113.74526531692963,110.72246082221426,111.07349695083026,106243800
2020-10-06,110.34217071533203,113.22846192888977,109.45482734146758,112.81891482742249,161498200
2020-10-07,112.21438598632812,112.67268367102449,111.28803754465702,111.76584137391013,96849000
2020-10-08,112.10710906982422,113.5015006370164,111.73656676842208,113.35523433064257,83477200
2020-10-09,114.05732727050781,114.08657904918843,112.05837141396555,112.40940763696237,100506900
2020-10-12,121.30228424072266,122.06286006446172,116.30977603444282,117.07035185818188,240226800
2020-10-13,118.08446502685547,122.26763983658118,116.67057472065251,122.15062530057422,262330500
2020-10-14,118.1722183227539,119.96639642799329,116.6413136031742,117.98694718210373,150712000
2020-10-15,117.70417785644531,118.1819741959685,115.20792725389234,115.7637332845987,112559200
2020-10-16,116.0562515258789,118.52325764594907,115.85148167833091,118.25997681380653,115393800
2020-10-19,113.09195709228516,117.42139051387834,112.7799257876711,116.97284597845898,120639300
2020-10-20,114.58385467529297,116.01725100908146,112.75066428839048,113.3064702709398,124423700
2020-10-21,113.95980072021484,115.75397896154352,113.55025356563891,113.76477649436593,89946000
2020-10-22,112.86766052246094,115.10063716116387,111.73654259987111,114.5253251310434,101988000
2020-10-23,112.17536163330078,113.64776283593191,111.43428449669388,113.49174346426179,82572600
2020-10-26,112.18511962890625,113.64776782516624,110.0691495843626,111.17101598676972,111850700
2020-10-27,113.6965103149414,114.35957774824622,111.68780931378838,112.61415013058482,92276800
2020-10-28,108.43098449707031,112.55565572913613,108.33347610413212,112.1851208602056,143937800
2020-10-29,112.44837951660156,114.01828898706523,109.40606895582341,109.57184138543087,146129200
2020-10-30,106.1492691040039,109.20132604764738,105.03765692954389,108.29448375380743,190272600
2020-11-02,106.06149291992188,107.92393519387548,104.64760263945637,106.39303037953306,122866900
2020-11-03,107.68990325927734,108.71375243491438,106.02248536802898,106.92932746040049,107624400
2020-11-04,112.08760070800781,112.71166332605715,109.55234539225575,111.29777308441078,138235500
2020-11-05,116.06600189208984,116.64131401748298,113.95979248109225,115.01289346688455,126387100
2020-11-06,115.93413543701172,116.43228836490333,113.43357109225822,115.5727237961662,114457900
2020-11-09,113.61917877197266,119.15752589443073,113.35545115043828,117.7021241226147,154515300
2020-11-10,113.27728271484375,114.85966301108157,111.48000197495716,112.86703652339298,138023400
2020-11-11,116.7155532836914,116.8523020201072,113.7363758663505,114.46896157668391,112295000
2020-11-12,116.44204711914062,117.73139757499507,115.8169079558322,116.84253085464111,103162300
2020-11-13,116.49092102050781,116.89139741334863,115.13319583001916,116.66674192406562,81581900
2020-11-16,117.50676727294922,118.18074115273141,115.40668645392178,116.15880460888832,91183000
2020-11-17,116.61788940429688,117.86816796066498,116.19787325311871,116.7741779499669,74271000
2020-11-18,115.2894515991211,117.0378903523821,115.26014936367629,115.85598632521067,76322100
2020-11-19,115.88530731201172,116.29555357911475,114.09779613817214,114.85968419200586,74113000
2020-11-20,114.615478515625,116.0122756382638,114.56664393716416,115.88529679156849,73604300
2020-11-23,111.20651245117188,114.88898089812312,111.10883584417593,114.45919488464406,127959300
2020-11-24,112.4958724975586,113.16008391412161,109.97577558304761,111.26513373188881,113874200
2020-11-25,113.3359146118164,114.03919822578274,112.49588223427314,112.86706383733798,76499200
2020-11-27,113.88289642333984,114.76200083857178,113.52149221259015,113.86336408177817,46691300
2020-11-30,116.28578186035156,118.16119960518925,114.09778703912657,114.25407557732021,169410200
2020-12-01,119.87057495117188,120.60316075885692,117.22349912700635,118.20028020391975,127728200
2020-12-02,120.22220611572266,120.5054734972761,118.08305336151587,119.1868131981227,89004200
2020-12-03,120.08545684814453,120.90594929961036,119.37240344911088,120.65198415652675,78967600
2020-12-04,119.4114761352539,120.00731313587139,118.69842273292154,119.7533479916129,78260400
2020-12-07,120.87664031982422,121.67760038587379,119.41146892200817,119.47007339320174,86712000
2020-12-08,121.49201965332031,122.07809422262514,120.23197125291128,121.48225720881356,82225500
2020-12-09,118.952392578125,123.02556768253118,118.19050456748764,121.63854040920427,115089200
2020-12-10,120.37850952148438,120.99388642913459,117.36025927781515,117.70213119748253,81312200
2020-12-11,119.56777954101562,119.90965143989179,117.75096607584693,119.58731188427349,86939800
2020-12-14,118.952392578125,120.48593849632398,118.71796721767839,119.75335272421145,79184500
2020-12-15,124.91075134277344,124.9302911359923,121.24782260023406,121.45294571554655,157243700
2020-12-16,124.8423843383789,125.3893793448256,123.62140801881179,124.45167787791586,98208600
2020-12-17,125.71173095703125,126.57130313801186,125.06705182129579,125.90708420602752,94359800
2020-12-18,123.7190933227539,126.10244150708998,123.19163065315914,125.96569275411149,192541500
2020-12-21,125.25262451171875,125.33076878091637,120.58361248475222,122.11715836957907,121251600
2020-12-22,128.8179473876953,131.28920335960703,126.6397139385378,128.55421221271385,168904800
2020-12-23,127.91924285888672,129.35509717792385,127.7434145333038,129.09137704629174,88223700
2020-12-24,128.9058074951172,130.36121675094694,128.05601267765476,128.27090571957586,54930100
2020-12-28,133.51620483398438,134.1511065581324,130.41003332778524,130.8788989655675,124486200
2020-12-29,131.73843383789062,135.56741313736748,131.2207411586561,134.84460481779132,121047300
2020-12-30,130.61514282226562,132.83243963312395,130.30256578086988,132.43195588802078,96452100
2020-12-31,129.60906982421875,131.61147380180907,128.66159108708325,130.9667947818931,99116600
2021-01-04,126.40524291992188,130.50772046788387,123.81677157197642,130.419813747916,143301900
2021-01-05,127.96809387207031,128.6811548471336,125.44799670124497,125.89732259094927,97664900
2021-01-06,123.66047668457031,128.00715673158123,123.44558366599814,124.75447411900687,155088000
2021-01-07,127.88017272949219,128.5736938299987,124.89122511401924,125.37961563692647,109578200
2021-01-08,128.9839324951172,129.55046725691102,127.20618394212671,129.35509913564104,105158200
2021-01-11,125.9852294921875,127.14760145406545,125.51637870995441,126.1903600931944,100384500
2021-01-12,125.80939483642578,126.67872932371974,123.91443732593233,125.51635755772662,91951100
2021-01-13,127.8508529663086,128.39784789227025,125.50658473947469,125.77030485446012,88636800
2021-01-14,125.91685485839844,127.95832377513628,125.77032875107238,127.76297053653161,90221800
2021-01-15,124.18795013427734,127.1964377514296,124.05120137461118,125.78987056372236,111598500
2021-01-19,124.86192321777344,125.72149530988855,123.9925886807919,124.81308118444944,90757300
2021-01-20,128.96441650390625,129.41374239946222,125.56522221027927,125.67266873501019,104319500
2021-01-21,133.6920166015625,136.42700650318062,130.48817597250854,130.69330654954064,120150900
2021-01-22,135.84092712402344,136.6028150348242,131.88496149210033,133.11570006235684,114459400
2021-01-25,139.60153198242188,141.72114486140973,133.36966473426315,139.74805806803522,157611700
2021-01-26,139.83599853515625,140.9495284939652,138.08755186106706,140.2657846428541,98390600
2021-01-27,138.7615203857422,140.94951541070097,137.14983753597352,140.09970572045313,140843800
2021-01-28,133.90692138671875,138.69315786113063,133.5259773426194,136.28050728033566,142621100
2021-01-29,128.8960418701172,133.56505438488097,127.18667492713263,132.67617999744974,177523800
2021-02-01,131.02542114257812,132.23663511827664,127.88994713431293,130.64447709526527,106239800
2021-02-02,131.85565185546875,133.144994822716,131.4844703643024,132.5784601431174,83305400
2021-02-03,130.83006286621094,132.61757406703313,130.5077233148007,132.60779671715912,89880900
2021-02-04,134.199951171875,134.2097136169971,131.4649611835476,133.1352633782053,84183100
2021-02-05,133.7841796875,134.42982206884446,132.9037691142245,134.36135298845358,75693800
2021-02-08,133.93092346191406,133.97983847702403,131.98421930396577,133.0700669616327,71297200
2021-02-09,133.05047607421875,134.87979583626688,132.89396894909677,133.64720333611686,76774200
2021-02-10,132.44398498535156,134.00917580672544,131.4755214853653,133.510263582445,73046600
2021-02-11,132.18968200683594,133.42226002186263,130.85927394263595,132.94291666374514,64280000
2021-02-12,132.42442321777344,132.58094529380088,130.78098619978562,131.42662856832374,60145100
2021-02-16,130.29190063476562,133.05053205788187,129.9005953404001,132.54185756536273,80576300
2021-02-17,127.99298858642578,129.34296530729705,126.65280382407832,128.39407078998406,97918500
2021-02-18,126.88761901855469,127.17130227893666,124.63766222365031,126.38870666417387,96856700
2021-02-19,127.04412078857422,127.86585435879635,125.9974109532454,127.40608001446142,87668800
2021-02-22,123.25830841064453,126.89736442452865,122.86701070079127,125.22456652832139,103916400
2021-02-23,123.1213607788086,123.95286378441952,115.8139024055986,121.06705704042179,158273000
2021-02-24,122.62248992919922,122.82791961355782,119.57038323200241,122.2214150587997,111039900
2021-02-25,118.35733032226562,123.70830769868415,117.91712502936959,121.96704059219421,148199500
2021-02-26,118.62146759033203,122.13334806816741,118.56276807411227,119.92252202962122,164560400
2021-03-01,125.0093765258789,125.14632962305842,120.1181731597989,121.05728331048017,116307900
2021-03-02,122.39747619628906,125.91914114090521,122.28986912474551,125.61588891931011,102260900
2021-03-03,119.40404510498047,122.97462478338886,119.18883097909638,122.09420675176463,112966300
2021-03-04,117.51604461669922,120.9105408091192,116.0389066337359,119.10079712980304,178155000
2021-03-05,118.77798461914062,119.28667396527544,115.01175939727409,118.3475637840084,153766600
2021-03-08,113.82808685302734,118.36712304031239,113.68134925740799,118.29864649080791,154376600
2021-03-09,118.45516204833984,119.4040567156157,116.20521293027855,116.43998860707968,129525800
2021-03-10,117.36931610107422,119.51165804272296,116.85084228896541,119.04210671169741,111943300
2021-03-11,119.30622863769531,120.52902944875325,118.62146316885641,119.87361000523832,103026500
2021-03-12,118.3964614868164,118.5334145770574,116.5671562971472,117.78017258073191,88105100
2021-03-15,121.29206085205078,121.30184534868131,117.79974189337008,118.76820554841954,92403800
2021-03-16,122.83768463134766,124.45178328205833,122.00618152746164,122.96485323576835,115227900
2021-03-17,122.0453109741211,123.12137424397079,119.67796282439072,121.35076097755098,111932600
2021-03-18,117.90736389160156,120.4997035364168,117.70193421666097,120.20622830742447,121229700
2021-03-19,117.37909698486328,118.787765950923,117.07584476265258,117.2910589061766,185549500
2021-03-22,120.70512390136719,121.17468273886081,117.64323308239008,117.71170963542201,111912300
2021-03-23,119.87361145019531,121.53661758792646,119.4823136932633,120.64642246770546,95467100
2021-03-24,117.47692108154297,120.22578250026773,117.45735955159839,120.14752145372104,88530500
2021-03-25,117.96602630615234,119.01275087692757,116.4106273881796,116.93887818958069,98844700
2021-03-26,118.57255554199219,118.8366847131395,116.3323834208923,117.731267934474,94071200
2021-03-29,118.7486343383789,119.91274312400247,118.10299937711603,119.00297900233532,80819200
2021-03-30,117.29106140136719,117.78018175127832,116.27369017794591,117.49649105272375,85671900
2021-03-31,119.49210357666016,120.83228856558793,118.51386287192022,119.00298322429019,118323800
2021-04-01,120.3236083984375,121.47793274502293,119.82470354215977,120.96925085519509,75089100
2021-04-05,123.1604995727539,123.41484423200751,120.39207673653289,121.17467224344372,88651200
2021-04-06,123.46373748779297,124.36371699214183,122.91592517442983,123.7474281396083,80171300
2021-04-07,125.11698913574219,125.1365506661835,122.41704266839598,123.09203115107863,83466700
2021-04-08,127.52345275878906,127.55279878438414,125.72349353070734,126.14412984874876,88844600
2021-04-09,130.10601806640625,130.1451411281215,126.65282945773264,126.97565069226758,106686700
2021-04-12,128.3843231201172,129.95929134574504,127.78759565756825,129.63647010271666,91420000
2021-04-13,131.5048828125,131.7298889082425,129.05928119869824,129.5581934810451,91266500
2021-04-14,129.15713500976562,132.06251145593788,128.79519068086032,132.0038193946852,87222800
2021-04-15,131.57337951660156,132.06249988655176,130.73209188321647,130.90818297831848,89347100
2021-04-16,131.24075317382812,131.7396504708216,130.37989673029497,131.37770625104787,84922400
2021-04-19,131.90597534179688,132.5222717730815,130.4386142591335,130.60491339062307,94264200
2021-04-20,130.21360778808594,132.5809482656911,128.9418920136985,132.08205092978312,94812300
2021-04-21,130.5950927734375,130.83965287226417,128.44296688911564,129.47989931985848,68847100
2021-04-22,129.06907653808594,131.2309800623084,128.55061017652483,130.1451323202757,84566500
2021-04-23,131.3972930908203,132.17987368023367,129.2842896751612,129.2842896751612,78657500
2021-04-26,131.7886199951172,132.1212183306872,130.6538569277666,131.89622709506892,66905100
2021-04-27,131.46575927734375,132.46356891164857,131.1918530917334,132.07226369879982,66015800
2021-04-28,130.6733856201172,132.0820545207044,130.18426530334483,131.38749710310995,107760100
2021-04-29,130.57557678222656,134.08747257107711,129.56798996025657,133.50052212496433,151101000
2021-04-30,128.59954833984375,130.65384516288776,128.2180350065091,128.9125776490249,109839500
2021-05-03,129.65602111816406,131.15274318306484,128.96147855172077,129.16690074814014,75135100
2021-05-04,125.06806945800781,128.6288723998823,123.9430911832169,128.3353972104989,137564700
2021-05-05,125.31262969970703,127.61148620627858,125.18545364222994,126.38868542828287,84000900
2021-05-06,126.91696166992188,126.92673870389211,124.36374522397769,125.10721029187536,78128300
2021-05-07,127.59309387207031,128.62197939641553,126.87775437814886,128.2202307892884,78973300
2021-05-10,124.30060577392578,126.936537888107,124.2614087846363,126.80916075602343,88071200
2021-05-11,123.37950134277344,123.73225929039904,120.30260126371391,121.01793322731803,126142800
2021-05-12,120.30260467529297,122.13502470718254,119.79305875777395,120.91994792228226,112172300
2021-05-13,122.45838165283203,123.6146665716941,121.76265197362714,122.07622038504428,105861300
2021-05-14,124.88854217529297,125.31970156938155,123.32070002778138,123.71266243367454,81918000
2021-05-17,123.73226165771484,124.37900077220148,122.65437060963178,124.27121091978704,74244600
2021-05-18,122.34078216552734,124.43777217244039,122.27218931393898,124.01641394809468,63342900
2021-05-19,122.18401336669922,122.40938669653873,120.39079046342964,120.68476412746298,92612000
2021-05-20,124.75135803222656,125.15312155926449,122.585774870456,122.71316695271737,76857100
2021-05-21,122.90914154052734,125.42749006545537,122.69356184580758,125.25110735850839,79295400
2021-05-24,124.54556274414062,125.36868444413138,123.40888012879931,123.47747298079354,63092900
2021-05-25,124.34960174560547,125.74106867528869,123.78125662475325,125.25111005560896,72009500
2021-05-26,124.30060577392578,124.82975391524182,123.87924748414049,124.40839562545654,56575900
2021-05-27,122.76216888427734,125.07473909754313,122.56619139883931,123.89885923279118,94625600
2021-05-28,122.1056137084961,123.2716997185338,122.04682196885067,123.04631892312548,71311100
2021-06-01,121.78224182128906,122.83073685559619,121.44907866835985,122.5661665562736,67637100
2021-06-02,122.54656982421875,122.72295252370081,121.55687396007116,121.78224728515005,59278900
2021-06-03,121.05714416503906,122.34081392488444,120.65538058996748,122.17423231007713,76229200
2021-06-04,123.35989379882812,123.62447159323195,121.36089230936066,121.57647200078277,75169300
2021-06-07,123.36968994140625,123.7812470760429,122.32119487398776,123.63426024908394,71057600
2021-06-08,124.19281005859375,125.8782506142176,123.67346305813653,124.05562434058848,74403800
2021-06-09,124.5749740600586,125.1825161645287,123.97723307167732,124.6533680366472,56877900
2021-06-10,123.57548522949219,125.61368389975463,123.40890362522711,124.46719247519351,71186400
2021-06-11,124.79054260253906,124.87873768733272,123.56566486306369,123.98702310448563,53522400
2021-06-14,127.85765075683594,127.91644250380197,124.51618772718142,125.2511144685025,96906500
2021-06-15,127.03451538085938,127.97522803307054,126.78953984094318,127.3284890191829,62746300
2021-06-16,127.53425598144531,128.25938893894605,125.87823394486584,127.74983564578012,91815000
2021-06-17,129.14134216308594,129.8860776224525,127.04435143931097,127.19134578361376,96721700
2021-06-18,127.83805084228516,128.86693621675641,127.62247115663257,128.0830263985157,108953300
2021-06-21,129.6410675048828,129.74885734783985,126.61317321470958,127.68126305266121,79663300
2021-06-22,131.28729248046875,131.38528868125076,128.97472269195052,129.47448238296937,74783600
2021-06-23,131.012939453125,131.6204890694468,130.55238415861209,131.08153979372707,60214200
2021-06-24,130.72877502441406,131.9340507183845,130.25841113476253,131.74786688107946,68711000
2021-06-25,130.43478393554688,131.19910646414033,130.1408102817522,130.7777556903275,70783700
2021-06-28,132.07122802734375,132.53178329485237,130.66997494475694,130.72876668918406,62111300
2021-06-29,133.59007263183594,133.7468605769358,131.64987040561977,132.09082341810688,64556100
2021-06-30,134.2073974609375,134.64835041310198,133.1392928141683,133.43326643298442,63261400
2021-07-01,134.51119995117188,134.56999169991087,133.0315378313321,133.85466717004775,52485800
2021-07-02,137.14712524414062,137.18631475513712,134.9815346965724,135.12851405296138,78852600
2021-07-06,139.16574096679688,140.2730204949,137.25493430561346,137.25493430561346,108181800
2021-07-07,141.66448974609375,141.97805072261244,139.79287267133577,140.65517657085456,104911600
2021-07-08,140.36122131347656,141.16473348435932,137.84286503744906,138.73457978552972,105575500
2021-07-09,142.193603515625,142.72274410487802,139.78303761495576,139.88103381213466,99890800
2021-07-12,141.59588623046875,143.37931564236285,141.10593506704151,143.27152578832394,76299700
2021-07-13,142.71295166015625,144.49638078931636,140.7433536781911,141.1353085659456,100827100
2021-07-14,146.1524200439453,146.56399216212412,144.7119624866864,145.12353460486517,127050800
2021-07-15,145.4958953857422,146.98535113045864,144.1338317300182,146.24063073416198,106820300
2021-07-16,143.44789123535156,146.7501570666892,142.94814646554318,145.47629609045745,93251400
2021-07-19,139.58706665039062,141.17451839605775,138.82274412371135,140.8609425122298,121434600
2021-07-20,143.2126922607422,144.1436112585622,140.0868169834333,140.57676805507745,96350000
2021-07-21,142.47776794433594,143.19310728596565,141.72325404739772,142.60516000969034,74993500
2021-07-22,143.84963989257812,145.2214969339576,142.8795313726681,143.00692343798204,77338200
2021-07-23,145.5742645263672,145.73105246266147,143.96722555965206,144.5845687137355,71447400
2021-07-26,145.99566650390625,146.81878094574583,144.73158401268006,145.2901355674368,72434100
2021-07-27,143.82022094726562,146.2111842232731,142.62473930926188,146.12298167952815,104818600
2021-07-28,142.0662078857422,144.01621852456796,139.67524427491423,141.89962631641336,118931200
2021-07-29,142.71295166015625,143.60466622473632,141.6742577506984,141.78204758764898,56699500
2021-07-30,142.9285430908203,143.38909834548167,141.21371414962817,141.4782919442919,70440600
2021-08-02,142.59536743164062,143.99662035248164,142.33078966013647,143.418481662853,62880000
2021-08-03,144.39837646484375,145.06470272695086,142.26218207607747,142.87952519406235,64786600
2021-08-04,143.99664306640625,144.81975742745607,143.34011030565534,144.31021898611445,56368300
2021-08-05,144.10443115234375,144.86875375710454,143.2323186955207,144.0260371733782,46397700
2021-08-06,143.41744995117188,144.36938030633664,142.9169565067693,143.62354429564462,54126800
2021-08-09,143.36837768554688,143.9670141431112,142.80900442411368,143.47632901312474,48908700
2021-08-10,142.8875274658203,144.95821948179562,142.59311336897338,143.7118749573733,69023100
2021-08-11,143.14268493652344,143.98666406649497,142.81883091257257,143.32914770557306,48493500
2021-08-12,146.11622619628906,146.27324904121383,143.12304372844764,143.46652932990523,72282600
2021-08-13,146.32232666015625,146.65598898865775,145.50778746444493,146.1947437215137,59375000
2021-08-16,148.30470275878906,148.37340588044512,143.74133599773583,145.77276511297995,103296000
2021-08-17,147.3920440673828,148.8542765909534,146.31253048160323,147.43129230026292,92229700
2021-08-18,143.6333770751953,147.91215275914686,143.4272826956147,147.00929375834372,86326000
2021-08-19,143.96705627441406,145.2428409806357,141.80804406555308,142.32816925758922,86960300
2021-08-20,145.42929077148438,145.7335132179683,144.04555482987226,144.6932629269492,60549600
2021-08-23,146.92098999023438,147.39204365611192,145.13488842138761,145.54706225084624,60131800
2021-08-24,146.83261108398438,148.0495155771115,146.37136587144144,146.6657799394827,48606400
2021-08-25,145.5961151123047,147.51960771111226,145.04655007679514,147.01909921664708,58991300
2021-08-26,144.79139709472656,146.34196428288527,144.76195717766552,145.58631977895118,48597200
2021-08-27,145.83168029785156,145.97887990121833,144.09465010548706,144.73253501944617,55802400
2021-08-30,150.26742553710938,150.63054275493232,145.841450580605,146.22418442407636,90956700
2021-08-31,149.00149536132812,149.95342601168736,148.47154686807323,149.816034730941,86453100
2021-09-01,149.66880798339844,152.0927942907588,149.50197679710354,149.98285372785378,80313700
2021-09-02,150.78756713867188,151.83764073221985,149.56085404781211,151.0034698406252,71115500
2021-09-03,151.4254913330078,151.74934543812722,150.23802628090334,150.89554280662063,57808700
2021-09-07,153.7709197998047,154.33029310259397,151.51376504008468,152.08296162989393,82278300
2021-09-08,152.22035217285156,154.1143897180931,151.11139891038036,154.0555098943376,74420200
2021-09-09,151.19973754882812,153.20172648114232,151.08196292373444,152.59328165383056,57305700
2021-09-10,146.1947479248047,152.58346376101343,145.92977372713005,152.11241016755477,140893200
2021-09-13,146.76394653320312,148.5991043920851,145.97884721713058,147.82382836372247,102404300
2021-09-14,145.36058044433594,148.25563513558592,144.17313063309547,147.54904724190396,109296300
2021-09-15,146.2536163330078,146.6559817546306,143.6431677103874,145.7923710886154,83281300
2021-09-16,146.01809692382812,146.19475138463315,144.4773531646783,145.67462626455162,68034100
2021-09-17,143.33897399902344,146.04756618473306,143.04455985172558,146.04756618473306,129868800
2021-09-20,140.27706909179688,142.14166661900333,138.63818253431032,141.12104812479518,123478900
2021-09-21,140.75794982910156,141.90616637912737,140.1200650564419,141.24863503100102,75834000
2021-09-22,143.1328887939453,143.70207048798758,141.0229333023473,141.75896115358555,76404300
2021-09-23,144.09461975097656,144.33996235458966,142.92678656185444,143.9179652896226,64838200
2021-09-24,144.1829376220703,144.7226943379148,142.8482732767658,142.94641630674622,53477900
2021-09-27,142.6618194580078,143.24083941199348,141.14070721951342,142.75996249414771,74150700
2021-09-28,139.26632690429688,142.0534162439703,139.05042414105873,140.58136011708976,108972300
2021-09-29,140.1691436767578,141.7589590196526,139.38404431901697,139.81584971450067,74602000
2021-09-30,138.8638916015625,141.69024273837414,138.64798894669374,140.98365495417121,89056700
2021-10-01,139.9924774169922,140.25745160999782,136.51843289284824,139.25644963882814,94639600
2021-10-04,136.54786682128906,139.56068091563057,135.69407942788672,139.11905228846942,98322000
2021-10-05,138.48118591308594,139.59013932235956,136.76378761176298,136.89137056313777,80861100
2021-10-06,139.35459899902344,139.50179857153668,135.79221959896122,136.87173304580557,83221100
2021-10-07,140.6205596923828,141.53324196194288,140.06118634451136,140.39484869057674,61732700
2021-10-08,140.2378387451172,141.49399178970734,139.90417636832538,141.34679220421845,58773200
2021-10-11,140.14950561523438,142.1122464318601,139.16813520692153,139.61957218353604,64452200
2021-10-12,138.87376403808594,140.58135446747406,138.41251860557068,140.56172286036974,73035900
2021-10-13,138.28492736816406,138.76578935248517,136.6067771440449,138.60878144560903,78762700
2021-10-14,141.08181762695312,141.1995922695785,138.8737340029269,139.4625622924774,69907100
2021-10-15,142.1416778564453,142.2005576815035,140.83645349440351,141.09161936901995,67940300
2021-10-18,143.81982421875,144.10441502439815,140.49297941378114,140.7775702194293,85589200
2021-10-19,145.9886474609375,146.39101289718135,143.81982737932438,144.2712493533105,76378900
2021-10-20,146.4793243408203,146.96020117455672,145.36056280732043,145.92975937341998,58418800
2021-10-21,146.69522094726562,146.85224378133293,145.11521424395232,146.03770467594566,61421000
2021-10-22,145.91998291015625,147.38221538017035,145.87091138995885,146.90135341600217,58883400
2021-10-25,145.8708953857422,146.5872915835432,144.86989338673706,145.91014361287867,50720600
2021-10-26,146.5382537841797,148.0299261985199,146.23401634323616,146.54806209858722,60893400
2021-10-27,146.0769805908203,146.94057630434148,145.72368667066797,146.57747407165155,56094900
2021-10-28,149.7277069091797,150.316520234439,146.93079494698944,147.0289379884622,100077900
2021-10-29,147.00929260253906,147.14668386300448,143.68244746206824,144.47735511008415,124953200
2021-11-01,146.1849365234375,146.911141011652,145.04654330331536,146.21437643649898,74588300
2021-11-02,147.22518920898438,148.7463162991763,145.8807016001512,145.89052488768692,69122000
2021-11-03,148.66781616210938,149.13886978936398,147.02892929321277,147.5883026678542,54511500
2021-11-04,148.14772033691406,149.59032141997847,147.83367454024167,148.75616534980705,60394600
2021-11-05,148.6783905029297,149.5825671827827,147.47937001529485,149.2779007467471,65463900
2021-11-08,147.8528594970703,148.9634314889483,147.577675905586,148.80617943770554,55020900
2021-11-09,148.21646118164062,148.82579400908614,147.47935921435865,147.6169509817295,56787900
2021-11-10,145.3761749267578,147.54817551221967,145.30738653523977,147.4400666143663,65187100
2021-11-11,145.32701110839844,146.86018071692627,145.14027622083057,146.39827730607036,41000000
2021-11-12,147.4105682373047,147.8135059084211,144.94372409915425,145.87738357535494,63804000
2021-11-15,147.42039489746094,149.26806864568343,146.86019019858912,147.78402707270035,59222800
2021-11-16,148.4031982421875,148.8847769331927,146.77174226503004,147.3614298460006,59256200
2021-11-17,150.85040283203125,152.33442961865157,148.39339590269816,148.40321853171864,88807000
2021-11-18,155.15505981445312,155.94130498570996,150.41795852638504,151.06661191740037,137827700
2021-11-19,157.78897094726562,158.25088939976666,153.83810003292044,154.93883421945299,117305600
2021-11-22,158.2509002685547,162.85040986078795,158.23124001490817,158.89953867509402,117467900
2021-11-23,158.63418579101562,159.01747824025801,156.32459347097884,158.34916461294523,96041900
2021-11-24,159.1551055908203,159.35166317347716,156.89465589931083,157.98556772889597,69463600
2021-11-26,154.11329650878906,157.69069791152225,153.67103827148128,156.82584169085234,76959800
2021-11-29,157.48428344726562,158.41794285529275,156.05920777586067,156.62923504514734,88748200
2021-11-30,162.45726013183594,162.6734778867134,157.16977775663022,157.23858113153506,174048100
2021-12-01,161.9364013671875,167.3712989739356,161.7005233258962,164.59978822518326,152052500
2021-12-02,160.94374084472656,161.37617636790787,155.0862460208437,156.01008282102617,136739200
2021-12-03,159.0568084716797,162.12316353860186,156.9732712438897,161.199326466995,118023100
2021-12-06,162.47694396972656,164.9929163957049,161.45482079893625,161.46464342690166,107497000
2021-12-07,168.23617553710938,168.62930565360898,165.44501919367465,166.17229866191352,120405400
2021-12-08,172.069091796875,172.93396293794615,167.76441134011625,169.16982694435688,116998900
2021-12-09,171.5580291748047,173.71036939014843,170.9290360750293,171.9020161028415,108923700
2021-12-10,176.3639373779297,176.54084965789616,171.68580203438307,172.19686362537885,115402700
2021-12-13,172.71775817871094,178.99786706027314,172.51136300579722,178.00522669948663,153237000
2021-12-14,171.33197021484375,174.68333050700522,169.2484336092193,172.23614676061243,139380400
2021-12-15,176.21653747558594,176.41309502787303,169.34674079975917,172.0985915209184,131063300
2021-12-16,169.29757690429688,178.02486912244925,167.81355032065514,176.19685561719783,150185800
2021-12-17,168.1968536376953,170.48678573043304,166.77179272061935,167.00765577116044,195432700
2021-12-20,166.83074951171875,167.64647750919124,164.58013804602012,165.38602841932968,107499100
2021-12-21,170.0150909423828,170.221471167821,166.21163325623561,168.6096748991195,91185900
2021-12-22,172.61947631835938,172.83569412545992,169.18948928424598,170.06418314156005,92135300
2021-12-23,173.2484588623047,173.80866359990947,172.25583353339374,172.82586089930805,68356600
2021-12-27,177.22877502441406,177.31722364948524,174.02484430203685,174.04448955446875,74919600
2021-12-28,176.2066650390625,178.21159066688713,175.45974048938143,177.06171346697758,79144300
2021-12-29,176.29515075683594,177.5236541153346,175.07647002650884,176.2460076232202,62348900
2021-12-30,175.13543701171875,177.46468959324108,175.02732811556052,176.38360063165865,59773000
2021-12-31,174.5162811279297,176.1477221985718,174.21159969660636,175.02732773011687,64062300
2022-01-03,178.8799285888672,179.73497720500467,174.653888631977,174.77182016673515,104487900
2022-01-04,176.60963439941406,179.79392040563258,176.0396070589959,179.4892539814939,99310400
2022-01-05,171.911865234375,177.07157997213048,171.63668164807183,176.52121279952414,94537600
2022-01-06,169.04208374023438,172.28533602057317,168.68827412789958,169.73004270966848,96904000
2022-01-07,169.20913696289062,171.14525945761193,168.08874249862777,169.91675609783337,86709100
2022-01-10,169.22879028320312,169.53345670452697,165.27791944101605,166.1722734494287,106765600
2022-01-11,172.069091796875,172.1673630652104,167.88235785704865,169.35656184948618,76138300
2022-01-12,172.51136779785156,174.13298635832638,171.81358623406135,173.09121782891782,74805200
2022-01-13,169.22879028320312,173.5825988136433,168.83566022635117,172.7570481888216,84505800
2022-01-14,170.0936737060547,170.79145523828697,168.14771352583708,168.39341420548664,80440800
2022-01-18,166.87991333007812,169.57278332194957,166.49662084966823,168.56049766865218,90956700
2022-01-19,163.37127685546875,168.13787560571404,163.08627069140266,167.07644696659617,94815000
2022-01-20,161.68084716796875,166.7619347111161,161.35652051674097,164.10837074224375,91420500
2022-01-21,159.61700439453125,163.4695895238368,159.50889548799853,161.59243259966877,122848900
2022-01-24,158.84056091308594,159.50887451917274,152.0395683138979,157.26808565686596,162294600
2022-01-25,157.03219604492188,159.960943553215,154.31966630533267,156.24595097657829,115798400
2022-01-26,156.94375610351562,161.56292551584528,155.1059199641222,160.6882317654177,108275300
2022-01-27,156.48184204101562,161.02238556956317,155.55800513342504,159.65629046052865,121954600
2022-01-28,167.4007568359375,167.42041708553484,160.0002549802617,162.86021394342566,179935700
2022-01-31,171.7742462158203,171.9904639988434,166.59487204384064,167.23370276509192,115541600
2022-02-01,171.60719299316406,171.83323343223077,169.3467436133565,171.0175053301255,86213900
2022-02-02,172.81600952148438,172.8553300243515,170.34918033798783,171.7447582622127,84914300
2022-02-03,169.92660522460938,173.20917811107464,169.16002020827554,171.47943551308546,89418100
2022-02-04,169.64120483398438,171.32394513354754,167.9584645344212,168.94251932550307,82465400
2022-02-07,168.9228515625,171.1763304609041,168.22416604358875,170.1037143263292,77251200
2022-02-08,172.04232788085938,172.5540406567285,168.69653205769893,168.9917515443729,74829200
2022-02-09,173.46917724609375,173.83327271357754,172.11117683042102,173.24284884864312,71285000
2022-02-10,169.37550354003906,172.68192819387235,168.8146001247778,171.36329839541398,90865900
2022-02-11,165.9510040283203,170.32020982591467,165.36056513089437,169.5821687118747,98670700
2022-02-14,166.18716430664062,166.87599960086266,163.90415017095245,164.7012320839439,86185500
2022-02-15,170.03482055664062,170.19227292675632,167.5353279968633,168.24384864689935,62527400
2022-02-16,169.79864501953125,170.57604164188683,167.3385082183659,169.10980971830162,61177400
2022-02-17,166.18716430664062,169.16884887808143,165.78369827163797,168.30287592792615,69589300
2022-02-18,164.63238525390625,167.82071347120757,163.54008373100112,167.11220776829634,82772700
2022-02-22,161.6999053955078,164.03211066057264,159.56449308823295,162.3493702057695,91162800
2022-02-23,157.5176544189453,163.50069421366558,157.20274968475783,162.90042020266935,90009200
2022-02-24,160.1450958251953,160.25334246210673,149.5763410580208,150.14709468760051,141147500
2022-02-25,162.22145080566406,162.48713480856267,158.30490162446958,161.22754578023935,91974200
2022-02-28,162.48715209960938,162.78237159417588,159.8400418236256,160.46000126066653,95056600
2022-03-01,160.59776306152344,163.94355886382843,159.38737969074035,162.0738454702056,83474400
2022-03-02,163.9041748046875,164.69142169446647,160.35173616541616,161.7687775639212,79724800
2022-03-03,163.5794219970703,166.21669661748916,162.91027195360368,165.78371011148872,76678400
2022-03-04,160.56826782226562,162.91032375001075,159.5153366801587,161.86722775326382,83737200
2022-03-07,156.75994873046875,162.3887439653584,156.50408484630077,160.75520922600182,96418800
2022-03-08,154.9296112060547,160.28287244930655,153.31576171497022,156.28761181988324,131148300
2022-03-09,160.3517303466797,160.80440217190915,156.8681828813347,158.9051685561548,91454900
2022-03-10,155.99240112304688,157.83257914825734,153.49289304131352,157.6456062977945,105342000
2022-03-11,152.2628173828125,156.74027038411012,152.03648894987714,156.3958451472846,96970100
2022-03-14,148.2183380126953,151.66253001815127,147.70664029732,149.035105347276,108732100
2022-03-15,152.61703491210938,153.08939196406928,147.9821458328079,148.4938434492072,92964300
2022-03-16,157.0452880859375,157.44875412209134,151.9970976174266,154.54579572106195,102300200
2022-03-17,158.05889892578125,158.43284460620507,155.11658427872035,156.0809539111175,75615400
2022-03-18,161.36532592773438,161.8573534009996,157.21261285213674,157.9506540620346,123511700
2022-03-21,162.74301147460938,163.69754597170976,160.41079104635503,160.90281851844856,95811400
2022-03-22,166.12815856933594,166.71858251121776,162.28050023380402,162.87092417568584,81532000
2022-03-23,167.49598693847656,169.88723307812018,164.9767938445975,165.31138391398235,98062700
2022-03-24,171.29441833496094,171.363294359729,167.49596638171184,168.33240391380366,90131400
2022-03-25,171.93406677246094,172.48513509296794,169.99547749215097,171.10746429170044,80546200
2022-03-28,172.80003356933594,172.92795048627315,169.25743018713217,169.42471770580778,90371900
2022-03-29,176.10647583007812,176.1556665638957,173.52824171831267,173.87266694795463,100589400
2022-03-30,174.93544006347656,176.74609743731983,173.88249413539714,175.7030016679424,92633200
2022-03-31,171.82582092285156,175.19128676604245,171.61916279397346,175.00431393883977,103049300
2022-04-01,171.5305938720703,172.09151232886626,169.1983887454629,171.25505972274473,78751300
2022-04-04,175.5947723388672,175.64397809076996,171.6585524344424,171.78648438629216,76468400
2022-04-05,172.2686309814453,175.4569739407951,171.638836509714,174.66972709725982,73401800
2022-04-06,169.09011840820312,170.86141984516703,167.41722844598058,169.6116661902699,89058800
2022-04-07,169.3952178955078,170.59576613151657,167.14173867476228,168.43084825224216,77594700
2022-04-08,167.37786865234375,169.04092358061774,166.50206052636017,169.04092358061774,76575500
2022-04-11,163.1071014404297,166.33480034612657,162.8610877127669,166.01991058277108,72246700
2022-04-12,164.9866485595703,167.1614014854587,163.98290835466773,165.34090892509556,79265200
2022-04-13,167.6829376220703,168.3127321148904,164.11082878699807,164.72093797881234,70618900
2022-04-14,162.6544189453125,168.5390777375964,162.4084052337266,167.8994330781819,75329400
2022-04-18,162.43795776367188,163.94356063555975,160.96187533903773,161.3062855621602,69023900
2022-04-19,164.73077392578125,165.14409017149563,161.2964321500132,162.3887336211493,67723800
2022-04-20,164.5634765625,166.1871759578773,163.45150487225482,166.06907917381437,67929800
2022-04-21,163.7664031982422,168.7949239860417,163.26454063992998,166.21670513338208,87227800
2022-04-22,159.2102508544922,165.19330701919603,158.9248815130789,163.80580088958305,84882400
2022-04-25,160.28285217285156,160.5682214607871,155.9333317168137,158.55090609825874,96046400
2022-04-26,154.29978942871094,159.75144619433357,154.22106324602348,159.66288486961668,95623200
2022-04-27,154.07345581054688,157.24209821717469,152.9024282829644,153.42397608702464,88063200
2022-04-28,161.0307159423828,161.89668891256514,156.39581154213602,156.71071626419635,130216800
2022-04-29,155.13624572753906,163.54991794930683,154.7426297819827,159.25943807460507,131747600
2022-05-02,155.44131469726562,155.70699870242646,150.8260949299853,154.21124610323508,123055300
2022-05-03,156.9370574951172,158.14745572719883,153.8274556953841,155.6282627909498,88966500
2022-05-04,163.3727569580078,163.8254136876746,156.72053792384406,157.12400393346877,108256500
2022-05-05,154.270263671875,161.46370131983915,152.479276862281,161.23737293708814,130525300
2022-05-06,154.9995574951172,157.1282427342657,151.9444991405495,153.74796732614354,116124600
2022-05-09,149.8552703857422,153.57061313647017,149.2935426700109,152.68365326879575,131577900
2022-05-10,152.2696990966797,154.46737635991622,150.71260627459526,153.26506437118704,115366700
2022-05-11,144.3758544921875,153.1960828683304,143.6958565940324,151.27435948498825,142689800
2022-05-12,140.4929962158203,144.0802186431024,136.78751850070398,140.69995800707954,182602000
2022-05-13,144.9770050048828,145.95265608735048,141.03500230205145,142.49353909158592,113990900
2022-05-16,143.4297637939453,145.38106598701418,142.08948225415682,143.43962842487466,86643800
2022-05-17,147.0761260986328,147.5984402531948,144.5532317399834,146.7016310302499,78336300
2022-05-18,138.7781982421875,145.22336538861344,137.87152447980347,144.72076550868903,109742900
2022-05-19,135.35850524902344,139.6060101724561,134.61937984366847,137.85182041341724,136095600
2022-05-20,135.59503173828125,138.65993938193793,130.68724267872005,137.07328272324338,137426100
2022-05-23,141.0349884033203,141.18280747509044,135.6541486277064,135.792118107207,117726300
2022-05-24,138.3249053955078,139.91156242846,135.33883890454032,138.76837778809255,104132700
2022-05-25,138.48255920410156,139.73413423560646,136.33415991086508,136.42285136269513,92482700
2022-05-26,141.6952667236328,142.24714462113738,135.15154372635268,135.397918861849,90601500
2022-05-27,147.47030639648438,147.50971980321964,143.15380903801713,143.28192892561134,90978500
2022-05-31,146.68190002441406,148.47551826509655,144.710898900611,146.90857598068396,103718400
2022-06-01,146.5537872314453,149.53985256911304,145.53870787317794,147.72652020499015,74286600
2022-06-02,149.01759338378906,149.0767210300662,144.73065857809644,145.68659562637686,72348100
2022-06-03,143.27207946777344,145.82452236693706,142.36542073655667,144.77002952584698,88570300
2022-06-06,144.0210723876953,146.4158469197131,142.79904610031343,144.89816741340283,71598400
2022-06-07,146.5537872314453,146.83957576238276,142.01062928588593,142.257004413004,67808200
2022-06-08,145.81468200683594,147.69697680968412,145.32193168448424,146.42568759453718,53950200
2022-06-09,140.57180786132812,145.80481374848975,140.4634021916062,144.94743302094574,69473000
2022-06-10,135.14169311523438,138.71904983013044,135.0727008597942,138.24601378405768,91437900
2022-06-13,129.9678192138672,133.23967326736573,129.5341965596281,130.94345514835987,122207100
2022-06-14,130.83505249023438,131.9486729653345,129.57361294213226,131.19969793288186,84784300
2022-06-15,133.46630859375,135.34861791937007,130.2437331939143,132.34283876753688,91533000
2022-06-16,128.17420959472656,130.47042786825955,127.16899474112004,130.16492507881696,108123900
2022-06-17,129.65248107910156,131.15044648524733,127.92785470255139,128.18409453109854,134520300
2022-06-21,133.8999481201172,135.07269612109914,131.38693387520644,131.48547490267777,81000500
2022-06-22,133.38751220703125,135.7625572241762,131.96838893721528,132.83561923956722,73409200
2022-06-23,136.26515197753906,136.58050430327893,133.663431380625,134.83617932682697,72433800
2022-06-24,139.60601806640625,139.85239321545572,137.74342254109405,137.87152739306867,89116800
2022-06-27,139.60601806640625,141.40948596195392,138.92602024902237,140.63093206993196,70207900
2022-06-28,135.4472198486328,141.34050987783795,135.32896457557,140.06922057977073,67083400
2022-06-29,137.2112579345703,138.63038134531047,134.6883785543866,135.46693252662052,66242400
2022-06-30,134.73764038085938,136.36371032139607,131.83041667995218,135.25995448479154,98964500
2022-07-01,136.91558837890625,137.02399404422195,133.69301230892643,134.06749230384347,71051600
2022-07-05,139.50747680664062,139.5567548491927,134.94460374967946,135.77243576693132,73353800
2022-07-06,140.84774780273438,142.03034554759492,139.03443025811183,139.30051963790794,74064300
2022-07-07,144.22802734375,144.42512446788226,141.20253310502923,141.21238269809453,66253700
2022-07-08,144.9080047607422,145.4106197017086,142.89759010951482,143.1538148575739,64547800
2022-07-11,142.7694854736328,144.51382597051048,141.69529329047643,143.55788906254995,63141600
2022-07-12,143.74514770507812,146.2975911754457,142.94689446077814,143.64659160977368,77588800
2022-07-13,143.38050842285156,144.3265807145126,140.0593606954875,140.91675656689353,71185600
2022-07-14,146.31727600097656,146.79031208077845,141.17296164080028,141.9909289473083,78140700
2022-07-15,147.9926300048828,148.67262785570932,146.05119253188846,147.6082853549652,76259900
2022-07-18,144.93760681152344,149.37236031781808,144.57296129769512,148.5543928665957,81420900
2022-07-19,148.8106231689453,149.0372841460399,144.7799284417916,145.77527885211921,82982400
2022-07-20,150.82101440429688,151.49116267268522,148.18972944635095,148.9288549414216,64823400
2022-07-21,153.0975341796875,153.3143455287886,149.73697330616696,152.25985260020167,65086600
2022-07-22,151.8557891845703,154.01403798046638,151.18565597102892,153.13694301712763,66675400
2022-07-25,150.73231506347656,152.79200772624299,150.07203146028309,151.77694330248553,53623900
2022-07-26,149.40191650390625,150.87030296581528,148.61351291334188,150.05233555639018,55138700
2022-07-27,154.51666259765625,155.04884144648923,149.9538041551516,150.3677126833835,78620700
2022-07-28,155.0685577392578,155.35434635629224,152.17118296547585,154.70391221573936,81378700
2022-07-29,160.15374755859375,161.2575188039347,157.1873952313818,158.90217222924232,101786900
2022-08-01,159.1682586669922,161.2181025202103,158.55725286833496,158.67550817451334,67829400
2022-08-02,157.68994140625,160.05515180598763,157.31546141372255,157.77864788642987,59907000
2022-08-03,163.7212371826172,164.17455908657996,158.41923856963987,158.50793002421338,82507500
2022-08-04,163.40585327148438,164.76584892141557,162.04585762155315,163.60295038541236,55474100
2022-08-05,163.1789093017578,163.67234414686934,160.85975950635904,161.0670087670179,56697000
2022-08-08,162.70516967773438,165.60656841764427,162.04396891961866,164.18547392802034,60276900
2022-08-09,162.75454711914062,163.64273887329983,161.10647654738344,161.8663704234178,63135500
2022-08-10,167.017822265625,167.11650019395563,164.7085358778416,165.4782929876242,70170500
2022-08-11,166.2776336669922,168.7448072120981,165.98156982989303,167.82701082293391,57149200
2022-08-12,169.84024047851562,169.90931351048877,167.17568088366417,167.59017930923486,68039400
2022-08-15,170.91595458984375,171.11332550526615,169.10011807446065,169.26788410549148,54091700
2022-08-16,170.758056640625,171.4291358420734,169.40605002056787,170.5113392247935,56377100
2022-08-17,172.2581024169922,173.83708484024334,170.30410470369227,170.50147562429416,79542000
2022-08-18,171.86334228515625,172.60349451732048,170.8468677576589,171.4686004513763,62290100
2022-08-19,169.26783752441406,171.45868871710093,169.06058833227064,170.75800484297272,70346300
2022-08-22,165.36973571777344,167.62966033417896,164.94537398602955,167.4618943197239,69026800
2022-08-23,165.03421020507812,166.494788154392,164.46182399117447,164.88618577839446,54147100
2022-08-24,165.3302459716797,165.90263208814247,164.0670542175665,165.12301180960134,53841500
2022-08-25,167.79742431640625,167.9059805666135,166.13949074062336,166.56383740879377,51218200
2022-08-26,161.47157287597656,168.80402064201385,161.41236311895443,168.3303275274042,78961000
2022-08-29,159.26101684570312,160.76104775775735,157.72150271792214,159.0340260013609,73314000
2022-08-30,156.8234405517578,160.4255083111715,155.64906340226676,160.00116164152158,77906200
2022-08-31,155.15562438964844,158.47150652042689,155.07667302243541,158.2050475383872,87991100
2022-09-01,155.88592529296875,156.3398768664933,152.6391159459931,154.58325022090398,74229900
2022-09-02,153.76416015625,158.25442014549628,152.93519325134068,157.6524290472663,76957800
2022-09-06,152.5009765625,155.0273606352828,151.67200961207504,154.4155062278411,73714800
2022-09-07,153.91217041015625,154.61283930679346,151.59302111354978,152.787139807606,87449600
2022-09-08,152.43190002441406,154.30694642534044,150.6752581099915,152.6095293418246,84923800
2022-09-09,155.30368041992188,155.74778383324283,152.71808661547112,153.4286340066607,68028800
2022-09-12,161.2841033935547,162.10320702897022,157.20834188473088,157.4945274641237,104956000
2022-09-13,151.8200225830078,158.4320461932663,151.35619264515168,157.80045022276116,122656600
2022-09-14,153.2707061767578,155.0372110898694,151.59303096684667,152.75752979849568,87965400
2022-09-15,150.36929321289062,153.20161877290226,149.39230209520935,152.61935435324472,90481100
2022-09-16,148.72125244140625,149.36272674550892,146.4218443622924,149.22456559759132,162278800
2022-09-19,152.4516143798828,152.530565756339,147.142266074514,147.34950026158054,81474200
2022-09-20,154.83982849121094,156.00434240653766,151.06999458899193,151.3857850189289,107689800
2022-09-21,151.70159912109375,156.6556888275703,151.5831795854477,155.27406232514645,101696800
2022-09-22,150.73446655273438,152.44174672656402,148.92849339656019,150.37919289810281,86652500
2022-09-23,148.4547882080078,149.48114103515752,146.60934685596038,149.20481874902532,96029900
2022-09-26,148.79031372070312,151.75092212100176,147.67514640455875,147.6948880102553,93339400
2022-09-27,149.76730346679688,152.68844368705126,147.98107215786084,150.73444637733243,84442700
2022-09-28,147.8725128173828,148.66201137862302,142.93816563267225,145.7014030677967,146691400
2022-09-29,140.60916137695312,144.7934934551737,138.83279327495222,144.18163918720862,128138200
2022-09-30,136.38539123535156,141.22106186093816,136.18802030456854,139.42495175640798,124925300
2022-10-03,140.57962036132812,141.1914899656956,135.88212485393169,136.3953014406282,114311700
2022-10-04,144.18167114257812,144.30009068947933,142.36581942561767,143.125713321253,87830100
2022-10-05,144.47767639160156,145.44481926076756,141.13218967572325,142.17828390513333,79471000
2022-10-06,143.52044677734375,145.60274235287363,143.31321258240413,143.895462065149,68402200
2022-10-07,138.25054931640625,141.2210362492612,137.61895341738395,140.66837666148692,85925600
2022-10-10,138.5762176513672,140.02691706572585,136.7505180551927,138.5762176513672,74899000
2022-10-11,137.15512084960938,139.49401183769913,136.40510543994947,138.06303899554518,77033700
2022-10-12,136.52349853515625,138.51697878405514,136.3458692850561,137.30313373307814,70433700
2022-10-13,141.1124725341797,141.70458518782445,132.60564736672077,133.2175166847836,113224000
2022-10-14,136.56301879882812,142.62239748423457,136.37551116721934,142.41514824444727,88598000
2022-10-17,140.54010009765625,141.02365655306738,138.4281998048671,139.21769847828358,85250900
2022-10-18,141.86251831054688,144.77378089201514,138.7637480781357,143.5796769966995,99136600
2022-10-19,141.9710693359375,143.04675364711534,139.64205634508835,139.8295639891064,61758300
2022-10-20,141.5072479248047,143.97442221393123,140.77695891418597,141.14211094871374,64522000
2022-10-21,145.3362579345703,145.9086439824768,140.77691115529626,140.99402362375844,86548600
2022-10-24,147.48764038085938,148.25739736853123,144.08294369562876,145.25732078304517,75981900
2022-10-25,150.3397216796875,150.48776116501867,147.39885428402872,148.1192649256449,74732300
2022-10-26,147.3889617919922,149.99429659795183,146.09615013348827,148.97782224560154,88194300
2022-10-27,142.89871215820312,147.09290769599798,142.2375113745511,146.12577976482095,109180200
2022-10-28,153.69508361816406,155.43196876876547,145.87907785280416,146.25407807739884,164762400
2022-10-31,151.32656860351562,152.21476020669766,149.92521569193562,151.14893931793952,97943200
2022-11-01,148.67190551757812,153.4088828100258,147.17187450407766,153.04374586124993,80379300
2022-11-02,143.1256866455078,150.1719344831505,143.09608176430027,146.9942133937789,93604600
2022-11-03,137.0564422607422,140.92496892991684,136.92814440584334,140.19468007204958,97918500
2022-11-04,136.78955078125,141.03023754059535,132.83552430474884,140.456901891493,140814800
2022-11-07,137.32333374023438,137.55068603269024,134.11068732115655,135.5341392248018,83374600
2022-11-08,137.89669799804688,139.80450887367877,135.90980476875018,138.79624280214017,89908500
2022-11-09,133.3199005126953,136.95761319516816,133.04311982943733,136.90818484099725,74917800
2022-11-10,145.1819610595703,145.1819610595703,137.89667216677097,139.61667909909517,118854000
2022-11-11,147.9794464111328,148.28588106740983,142.71070401695297,144.1440507641814,93979700
2022-11-14,146.5757598876953,148.5527731206919,145.73552323030617,147.25783186642536,73374100
2022-11-15,148.3155059814453,151.8247070106205,146.85252061085998,150.4704579564348,89868300
2022-11-16,147.0798797607422,148.14746862169088,145.5971199677711,147.4159834438759,64218300
2022-11-17,148.9877471923828,149.73900693584756,144.4702638433015,144.74704454265256,80389400
2022-11-18,149.55117797851562,150.9449761011956,148.24635692578445,150.55945907613687,74829600
2022-11-21,146.30885314941406,148.64172927634687,146.0221928785554,148.4341513417214,58724100
2022-11-22,148.45391845703125,148.6911654782662,145.24127190945183,146.42749193221246,51804100
2022-11-23,149.33372497558594,150.08498469071404,147.62359740352187,147.73233375155243,58301400
2022-11-25,146.40769958496094,147.16885381990136,145.42907271146612,146.60539786998885,35195900
2022-11-28,142.5624237060547,144.95460787890806,141.73208177830335,143.47184797217477,69246000
2022-11-29,139.54747009277344,143.14563338917574,138.7369025521412,142.63160575157164,83763800
2022-11-30,146.3286590576172,147.01073115671917,138.93463248466975,139.77485420692707,111380900
2022-12-01,146.6054229736328,147.41600568948158,144.92496463802757,146.5065813559001,71250400
2022-12-02,146.11114501953125,146.29896367002118,143.97596733513902,144.2824170237034,65447400
2022-12-05,144.94473266601562,149.18541949197922,144.09461635687657,146.07162962618466,68826400
2022-12-06,141.2675018310547,145.6070458162454,140.28887472844136,145.37969348940564,64727200
2022-12-07,139.3201446533203,141.72220883121116,138.3909458890047,140.55577809875786,69721100
2022-12-08,141.01048278808594,141.87049392300491,139.47830938217072,140.72382246539036,62128300
2022-12-09,140.52610778808594,143.89691905591846,139.28057976630063,140.7040317435328,76097000
2022-12-12,142.829345703125,142.83922534059286,139.43875970806542,141.05991017433828,70462700
2022-12-13,143.7980499267578,148.2463294293383,142.5821910860748,147.7817301412846,93886200
2022-12-14,141.5640411376953,144.9743859949628,139.5375995292449,143.67944472283807,82291200
2022-12-15,134.93118286132812,140.17027209900087,134.46658344260476,139.48819997009136,98931900
2022-12-16,132.96401977539062,136.06792995299983,132.19298581991796,135.1189720463015,160156900
2022-12-19,130.84861755371094,133.6460931216457,129.81069766078807,133.5571311451233,79592600
2022-12-20,130.7794189453125,131.71849714656037,128.39711455138564,129.87987436917055,77432800
2022-12-21,133.8932342529297,135.23760401600552,131.2242690848365,131.45162141055363,85928000
2022-12-22,130.710205078125,133.01342694162034,128.80239484896603,132.80584903157887,77852100
2022-12-23,130.34449768066406,130.8980590346716,128.150011539123,129.4152989435447,63814900
2022-12-27,128.5355224609375,129.89966650674359,127.24058112280677,129.87001251300126,69007800
2022-12-28,124.59137725830078,129.52402325835672,124.42333294025542,128.17965363057965,85438400
2022-12-29,128.120361328125,128.98035737968635,126.26197134070489,126.51897766739482,75703700
2022-12-30,128.43666076660156,128.45643512279935,125.9654017030859,126.93414153068441,77034200
2023-01-03,123.63253021240234,129.39551842727084,122.74287269172645,128.78264911213327,112117500
2023-01-04,124.90771484375,127.18128340928531,123.64242739714908,125.43162222007305,89113600
2023-01-05,123.58309936523438,126.30149268134268,123.32609306355886,125.66884902202133,80962700
2023-01-06,128.13023376464844,128.79253144434853,123.45460129199294,124.5617315121944,87754700
2023-01-09,128.65415954589844,131.87670150653418,128.39715319682298,128.97048897560737,70790800
2023-01-10,129.22747802734375,129.75138537718297,126.64747490986099,128.76287866678214,63896200
2023-01-11,131.95574951171875,131.97550878336855,128.96057576470602,129.7414893304502,69458900
2023-01-12,131.87667846679688,132.71690008626126,129.92931912019301,132.34127780837738,71379600
2023-01-13,133.2111358642578,133.369300530634,130.14677464113623,130.51251723414498,57809700
2023-01-17,134.3776092529297,135.7120843078782,132.58841445883436,133.2803661632613,63646600
2023-01-18,133.656005859375,137.016922815115,133.47806679892827,135.2475023487297,69672800
2023-01-19,133.71531677246094,134.68404919653628,132.23255659782018,132.53899128723262,58280400
2023-01-20,136.285400390625,136.4336854309728,132.67735732670167,133.72517191147224,80223600
2023-01-23,139.4882049560547,141.6728117743155,136.31509126831105,136.5325639862707,81760300
2023-01-24,140.891845703125,141.51460969317372,138.68748018952127,138.6973598255773,66435100
2023-01-25,140.22955322265625,140.79299416676852,137.21460493959157,139.27070057060922,65799300
2023-01-26,142.305419921875,142.59208020551668,140.26908361074402,141.52449124388164,54105100
2023-01-27,144.25277709960938,145.53783884062292,141.43554202324185,141.51462437013356,70555800
2023-01-30,141.3564453125,143.87714018615392,141.208175354279,143.29392490593287,64015300
2023-01-31,142.63162231445312,142.68105066516867,140.64472931637368,141.05990031223737,65874500
2023-02-01,143.75851440429688,144.92496009089808,139.69576656602072,142.31530314667881,77663600
2023-02-02,149.08660888671875,149.4424568691285,146.4670567100028,147.18866248002928,118339000
2023-02-03,152.7242889404297,155.57119313377925,146.13095089780094,146.32864922602454,154357300
2023-02-06,149.9861297607422,151.34039430836512,149.0470513348308,150.81648692074876,69858300
2023-02-07,152.87252807617188,153.44586367074996,148.90862234047623,148.90862234047623,83322600
2023-02-08,150.17393493652344,152.80336635897712,149.43255491704016,152.11141469080906,64120100
2023-02-09,149.135986328125,152.55622581029445,148.69116137357645,152.0125441621068,56007100
2023-02-10,149.5023193359375,149.82902644753565,147.73019724066455,147.9678065326758,57450700
2023-02-13,152.31398010253906,152.71987521484465,149.41322512989285,149.44292440380676,62199000
2023-02-14,151.67044067382812,152.23475701699866,149.35380697400552,150.60122163396125,61707600
2023-02-15,153.77919006347656,153.94749097395436,151.35365383790918,151.58135329250317,65573800
2023-02-16,152.1753692626953,154.7692064041291,151.81896289081203,151.97735397330246,68167900
2023-02-17,151.02694702148438,151.47245120963535,149.34392280711089,150.8289468385779,59144100
2023-02-21,146.99757385253906,149.78942626925934,146.92828058675818,148.7004026088836,58867200
2023-02-22,147.4232635498047,148.45287338487984,145.6907358158214,147.383654456277,51011300
2023-02-23,147.9083709716797,148.83898834448985,145.7699480861059,148.591484366889,48394200
2023-02-24,145.24525451660156,145.72045796846467,144.26513323484133,145.64125487541327,55469600
2023-02-27,146.44314575195312,147.68066559008122,145.97783708430148,146.23525087875586,44998500
2023-02-28,145.93824768066406,147.59157242356576,145.36403664496177,145.58184135182967,50547000
2023-03-01,143.8592071533203,145.76003585720164,143.5621993638043,145.36403554214274,55479000
2023-03-02,144.4532470703125,145.24526294031543,142.4633051197938,142.9385237056633,52238100
2023-03-03,149.52210998535156,149.6013130753249,145.85905393614254,146.56195681168307,70732300
2023-03-06,152.29415893554688,154.73949959731118,151.92785785960842,152.25454983701871,87558000
2023-03-07,150.08644104003906,152.49217281957698,149.62113228238874,152.16546570634722,56182000
2023-03-08,151.34375,151.93776567756532,150.31413994619248,151.2843514535327,47204800
2023-03-09,149.08651733398438,152.99707781485426,148.73011094218796,152.0268662896932,53833600
2023-03-10,147.01736450195312,149.43300577006005,146.13625093512175,148.7102983763868,68572400
2023-03-13,148.9676971435547,151.6110378452132,146.2253488070177,146.33425116280637,84457100
2023-03-14,151.06651306152344,151.86842347309556,148.60138329357108,149.7695947310606,73695900
2023-03-15,151.46253967285156,151.71993837140982,148.42318357477492,149.68050801163758,77167900
2023-03-16,154.2939910888672,154.89790141964556,150.1260173130943,150.64082983435895,76161100
2023-03-17,153.4524688720703,155.17510202547024,152.7396561952458,154.52168788730708,98944600
2023-03-20,155.82850646972656,156.24432646768744,152.6109545912959,153.5217825705538,73641400
2023-03-21,157.68972778320312,157.80852485445894,154.9770788401289,155.74930512262205,73938300
2023-03-22,156.25421142578125,160.52117754091816,156.2344068779623,157.70953600837723,75701800
2023-03-23,157.34320068359375,159.9370522998922,156.10568095844206,157.24420816944678,67622100
2023-03-24,158.6500701904297,158.73916800835937,156.27403774029648,157.27394850099208,59196500
2023-03-27,156.69969177246094,159.16483642939644,156.29378168923114,158.3431215437513,52390300
2023-03-28,156.07601928710938,156.90764422361815,154.4226943488484,156.39283166414998,45992200
2023-03-29,159.16485595703125,159.44205919265104,157.75903523168998,157.778824672489,51305700
2023-03-30,160.7389678955078,160.84787023912273,159.65985428560523,159.91725295849392,49501700
2023-03-31,163.25360107421875,163.3526086978247,160.29346346957524,160.81817064051347,68749800
2023-04-03,164.5109405517578,164.62973762588464,162.5804125649775,162.62991638134497,56976200
2023-04-04,163.97637939453125,165.1742904737612,163.46156676786882,164.9366962664151,46278300
2023-04-05,162.12501525878906,163.40214436262949,160.18459235196994,163.09524181864398,51511700
2023-04-06,163.01605224609375,163.3130600930005,160.38260583340545,160.8083054990294,45390100
2023-04-10,160.4123077392578,160.4123077392578,158.4817793623607,159.80839731300316,47716900
2023-04-11,159.19456481933594,160.7389872555695,158.90745173956898,160.72909253457362,47644200
2023-04-12,158.5015869140625,160.4420100503803,158.18477450444897,159.61040013481554,50133100
2023-04-13,163.90704345703125,164.14465273087802,159.80837789845614,160.01628790137767,68445600
2023-04-14,163.56053161621094,164.6594498569072,162.18441013519882,162.9467114928456,49386500
2023-04-17,163.58033752441406,163.73874370809605,162.39232135968928,163.4417358903036,41516200
2023-04-18,164.80795288085938,165.73857027099072,163.99613256812546,164.4416518212544,49923000
2023-04-19,165.9563751220703,166.48108235627174,163.8872303481945,164.14464415802902,47720200
2023-04-20,164.98617553710938,166.19399637675156,163.9070616233715,164.431768943132,52456400
2023-04-21,163.37245178222656,164.78816747380588,162.84774448751364,163.4021510550257,58337300
2023-04-24,163.67933654785156,163.94664508043508,162.25371118266517,163.35262947612597,41949600
2023-04-25,162.13490295410156,164.64953661232676,162.09529385976796,163.54072367407858,48714100
2023-04-26,162.12501525878906,163.62984381357916,161.1746083552498,161.43200707778223,45498800
2023-04-27,166.72860717773438,166.87710354316513,163.54075427728802,163.54075427728802,64902300
2023-04-28,167.9859161376953,168.1542321598927,166.2038993325892,166.80780972743617,55209200
2023-05-01,167.89678955078125,168.74820381228082,166.9562774855819,167.58988704485296,52472900
2023-05-02,166.8572998046875,168.6492415594711,165.86728374647268,168.3918277162097,48425700
2023-05-03,165.7781524658203,169.21350870294293,165.49105451372273,167.80768799680482,65136000
2023-05-04,164.13475036621094,165.3722703991822,162.66953087697775,163.2437419850499,81235400
2023-05-05,171.8370819091797,172.55978934902075,169.0551242996228,169.27292902501793,113316400
2023-05-08,171.7677764892578,172.11428813282294,170.3916548495959,170.7579559365768,55962800
2023-05-09,170.0550537109375,171.80737116626167,169.88675280256177,171.3222729910744,45326900
2023-05-10,171.82716369628906,172.29247239543182,170.18373361448457,171.29256173687202,53724500
2023-05-11,172.01527404785156,172.84688383352895,170.4510470092042,172.11428168700377,49514700
2023-05-12,171.08335876464844,172.5605130962495,169.52687667093326,172.12430116865193,45497800
2023-05-15,170.58767700195312,171.71785564660993,169.9928397669383,171.66828335580215,37266700
2023-05-16,170.58767700195312,171.64845141401116,170.3199987334625,170.50836436212853,42110300
2023-05-17,171.2023468017578,171.44026961578084,168.9518977126324,170.23079334736886,57951600
2023-05-18,173.54200744628906,173.73037308197308,171.0932844370763,171.50966446616422,65496700
2023-05-19,173.6510772705078,174.8704771258384,173.43297126355876,174.8704771258384,55772400
2023-05-22,172.69932556152344,173.20494177332736,171.95578654636702,172.481219573557,43570900
2023-05-23,170.08209228515625,171.88642113851677,169.80450555807647,171.63857476595683,50747300
2023-05-24,170.35964965820312,170.93465495874622,169.0510289027881,169.61611066863975,45143500
2023-05-25,171.499755859375,172.4019050243478,170.21095188854838,170.92475054539574,56058300
2023-05-26,173.91871643066406,174.2557989304357,171.61871039409903,171.82690796374212,54835000
2023-05-30,175.77261352539062,177.44805707235744,175.04890650518007,175.4355461600694,55964400
2023-05-31,175.7230682373047,177.8049837003616,175.23728392863376,175.80238088733307,99625300
2023-06-01,178.53857421875,178.56831456742498,175.4057930547119,176.16916396782793,68901800
2023-06-02,179.3911590576172,180.21401063542314,177.7157155545107,179.47047169338217,61945900
2023-06-05,178.03297424316406,183.35670847100744,176.50623240767692,181.05670243794387,121946500
2023-06-06,177.66616821289062,178.56831734898336,175.90148844243106,178.41961560329207,64848400
2023-06-07,176.28814697265625,179.64894264257165,175.79245430672572,176.90280103766142,61944600
2023-06-08,179.01446533203125,179.2821284929526,175.93125619506344,176.367453055308,50214900
2023-06-09,179.40110778808594,180.66015634842165,179.0739487923587,179.93644924551378,48870700
2023-06-12,182.20669555664062,182.30584013644759,179.4109969086846,179.70841552076647,54274900
2023-06-13,181.7308349609375,182.5635949733869,180.86833459999627,181.2252339092373,54929100
2023-06-14,182.36532592773438,182.8015378873281,180.45195952819037,181.79032062893717,57462900
2023-06-15,184.40760803222656,184.91322430946659,182.196822643367,182.37527989631698,65433200
2023-06-16,183.32696533203125,185.37914013584773,182.68257094685526,185.12137027990616,101235600
2023-06-20,183.4161834716797,184.49680491343358,182.82136138571053,182.82136138571053,49799100
2023-06-21,182.37525939941406,183.8127651610623,181.01705115534045,183.30714894064778,49515700
2023-06-22,185.38906860351562,185.43864089866383,182.08775342754114,182.15715766621673,51245300
2023-06-23,185.07180786132812,185.94423180057566,183.41619616013958,183.95155271461957,53079300
2023-06-26,183.67396545410156,186.43001547826037,183.63430156934749,185.22052415803645,48088700
2023-06-27,186.43991088867188,186.7670698420573,184.07050070567323,184.28860667459685,50730800
2023-06-28,187.6196746826172,188.26406909954764,185.9838949305078,186.31103877905792,51216800
2023-06-29,187.95672607421875,188.43260188630063,187.3123317121149,187.4511250421375,46347300
2023-06-30,192.29901123046875,192.8046122965116,189.61235036422667,189.9791732182635,85069600
2023-07-03,190.80203247070312,192.20979786240994,190.1080506189076,192.11065327577057,31458200
2023-07-05,189.6817626953125,191.31754248795588,188.97787243386384,189.91970062749374,46920300
2023-07-06,190.15760803222656,190.36580559694158,187.57009184775086,188.20457782150964,45094300
2023-07-07,189.037353515625,191.01021583133178,188.60115666342472,189.76107572138073,46778000
2023-07-10,186.98519897460938,188.35331565327752,185.42871665150543,187.62959342704087,59922200
2023-07-11,186.45974731445312,187.66923857945199,184.9925013196807,187.53044524382943,46638100
2023-07-12,188.1351776123047,190.04854382758512,186.84637379962285,188.04594144564376,60750200
2023-07-13,188.89854431152344,189.54295381895912,188.1450969456968,188.85889555641208,41342300
2023-07-14,189.04727172851562,189.53304086059518,187.99640569502964,188.59122781892412,41573900
2023-07-17,192.31884765625,192.64600663390738,190.15761974766676,190.24684079775338,50520200
2023-07-18,192.06106567382812,192.65590289157154,190.76235338000512,191.68434955477355,48353800
2023-07-19,193.41928100585938,196.52230675519328,190.99037488225764,191.4365103758755,80507300
2023-07-20,191.4662628173828,194.77748634801802,190.84168518874347,193.40936968617578,59581200
2023-07-21,190.28652954101562,193.29042630506785,189.58263920125253,192.42792578687713,71917800
2023-07-24,191.08950805664062,193.2309038397432,190.59381542873754,191.74382595603396,45377800
2023-07-25,191.9520263671875,192.7649696142135,191.25805964859208,191.66453127210508,37283200
2023-07-26,192.82444763183594,193.95462630849192,191.6546201978147,192.0015959886147,47471900
2023-07-27,191.55548095703125,195.50119046422063,190.89125457942112,194.33136299756583,47460200
2023-07-28,194.1430206298828,194.93613204043868,192.4675767460108,192.9930098409439,48291400
2023-07-31,194.7576446533203,194.7973085377491,193.57789369266726,194.37100498050742,38824100
2023-08-01,193.92486572265625,195.0352123410956,193.59770678100793,194.54944325919743,35175100
2023-08-02,190.92098999023438,193.4985827896997,190.1972829299724,193.3597894476311,50389300
2023-08-03,189.5231475830078,190.71280705310875,189.04728682043563,189.91971082460205,61235200
2023-08-04,180.42222595214844,185.76579240309633,180.35282171627148,183.92181504025928,115799700
2023-08-07,177.3092803955078,181.5524085909385,175.82220233279125,180.56102321579414,97576100
2023-08-08,178.25108337402344,178.71703568412062,176.05020675575068,178.14203038384454,67823000
2023-08-09,176.65496826171875,179.37135459798415,175.48512561412892,179.3118738938821,60378500
2023-08-10,176.43682861328125,179.19287831156532,176.07002092304583,177.93381484794008,54686900
2023-08-11,176.4964141845703,177.32037701982404,175.26544597344693,176.02984778529373,51988100
2023-08-14,178.15426635742188,178.38258864969947,176.01990054114177,176.6751020557822,43675600
2023-08-15,176.1588592529297,178.17408762934988,175.76177573799802,177.5784623569524,43622600
2023-08-16,175.28529357910156,177.24094603057796,175.2157956243564,175.84121662599503,46964900
2023-08-17,172.73397827148438,176.2184341041098,172.21775754332145,175.85113106656488,66062900
2023-08-18,173.22042846679688,173.82599075554495,170.70883778094841,171.04636032936088,61114200
2023-08-21,174.5605926513672,174.84849110751958,172.47588124297116,173.79620604217206,46311900
2023-08-22,175.9404754638672,176.38719824747957,174.96761015656983,175.77171419662545,42084200
2023-08-23,179.8022003173828,180.2290795956185,177.0325064942749,177.22112651388355,52722800
2023-08-24,175.09666442871094,179.78232293288016,174.72934624726201,179.35544373491686,54945800
2023-08-25,177.31045532226562,177.84651968096887,174.54076169805765,176.08940889849805,51449600
2023-08-28,178.8789520263672,179.27603559399373,177.25088516267095,178.77967356057698,43820700
2023-08-29,182.7803497314453,183.55467328918405,178.19396940518234,178.39251118833664,53003900
2023-08-30,186.28466796875,186.48322490340712,183.39585240180426,183.59439418869403,60813900
2023-08-31,186.50308227539062,187.74398746995786,186.11592046059639,186.4733017625425,60794500
2023-09-01,188.08152770996094,188.53817234491697,186.91010531378714,188.11130822320726,45732600
2023-09-05,188.31976318359375,188.59772472633045,186.24497340110617,186.91009674606673,45280000
2023-09-06,181.57916259765625,187.47594597496703,180.14963751857883,187.02920802693,81755800
2023-09-07,176.26808166503906,176.91336139268128,172.27732670257566,173.90539355501954,112488800
2023-09-08,176.88357543945312,178.9285998393183,176.4964136407334,177.05235186894313,65551300
2023-09-11,178.0549774169922,178.98814040153138,176.0496706936909,178.7598181226865,58953100
2023-09-12,175.0172576904297,178.81939272059032,173.5480302988034,178.18404991763566,90370200
2023-09-13,172.9424591064453,176.00997270905043,172.71412167424248,175.22571224634177,84267900
2023-09-14,174.4613494873047,174.81873079113439,172.31706166432645,172.73400399416633,60895800
2023-09-15,173.73663330078125,175.2157976120051,172.55530438661506,175.1959388893145,109205100
2023-09-18,176.6750946044922,178.0748391046168,174.88818834345716,175.1959303652364,67257600
2023-09-19,177.76710510253906,178.32302815377042,175.84121799808253,176.22837977645918,51826900
2023-09-20,174.21315002441406,178.3925098170354,174.1237933470795,177.95570880879336,58436200
2023-09-21,172.66448974609375,175.01725608596104,172.59500693822505,173.27998896827123,63047900
2023-09-22,173.5182342529297,175.79158086544706,172.7836281326413,173.39911221131908,56725400
2023-09-25,174.79885864257812,175.6823824720043,172.88289328236814,172.93253251615403,46172700
2023-09-26,170.7088165283203,173.92523242084695,170.41099631477684,173.5480076216062,64588900
2023-09-27,169.18995666503906,171.78096710415326,167.8200077433672,171.36402481079512,66921800
2023-09-28,169.4480743408203,170.77832096236608,166.40040416763804,168.1078907839796,56294400
2023-09-29,169.96429443359375,171.81076180692196,169.10061419351356,170.76839850543928,51814200
2023-10-02,172.4857940673828,173.03179529398386,169.6863051315917,169.9742035727841,52164500
2023-10-03,171.14564514160156,172.36670680772195,169.5771542436968,171.00666436022635,49594600
2023-10-04,172.39646911621094,172.94247039530038,169.7260388902924,169.8451609338146,53020300
2023-10-05,173.6373748779297,174.17343922355133,171.42358924241523,172.52551359241795,48527900
2023-10-06,176.19859313964844,176.69495515352654,171.91993985589522,172.53543905358532,57224100
2023-10-09,177.68768310546875,177.74724412480685,174.52089096334598,175.52353680032698,42390800
2023-10-10,177.092041015625,178.41236580749592,176.6552400140717,176.80415770883764,43698000
2023-10-11,178.49179077148438,178.54143000452555,176.30780084757703,176.90342620076967,47551100
2023-10-12,179.39517211914062,181.01330204161414,177.73730960362397,178.75982932462722,56743100
2023-10-13,177.54869079589844,180.60626734000098,176.84385010145385,180.09998356079097,51427100
2023-10-16,177.41966247558594,177.77704377786506,175.22573542452864,175.4639946753042,52517000
2023-10-17,175.86106872558594,177.12183257732815,173.5281761730158,175.36470667426025,57549400
2023-10-18,174.5605926513672,176.28793794498117,173.83590833900334,174.30248985254676,54764400
2023-10-19,174.18338012695312,176.54605322348112,173.91534037415258,174.75914678442408,59302900
2023-10-20,171.6221466064453,174.14365914589465,171.38388737014972,174.03445888939677,64189300
2023-10-23,171.74127197265625,172.7439178760632,168.69360166729962,169.66648220683237,55980100
2023-10-24,172.17807006835938,172.4063923696406,170.20254365913797,171.7909082758531,43816600
2023-10-25,169.8551025390625,171.80083332633419,169.4083645680371,170.62942613878033,57157000
2023-10-26,165.67572021484375,170.13305676328346,164.4645956319317,169.1303957533013,70625300
2023-10-27,166.99603271484375,167.73065392902063,165.61614695891157,165.69556669674958,58499100
2023-10-30,169.05096435546875,169.92456632823416,167.6412980843576,167.79021577395145,51131000
2023-10-31,169.52749633789062,169.6565401685357,166.67836791176023,168.11782995408234,44846000
2023-11-01,172.70420837402344,172.9623111800798,168.88221462983017,169.75581666227828,56934900
2023-11-02,176.27801513671875,176.48647870246754,174.18336680542194,174.2429278242073,77334800
2023-11-03,175.36471557617188,175.53349201222565,172.0887379893404,172.9722618796391,79763700
2023-11-06,177.9259490966797,178.12449090151532,174.92793300379333,175.09669429529205,63841300
2023-11-07,180.4971160888672,181.1126002277605,177.66784614167742,177.87630973489087,70530000
2023-11-08,181.55931091308594,182.11523398810698,180.26876654734838,181.023246561535,49340300
2023-11-09,181.08279418945312,182.78034380026955,180.48715371155149,181.62879543623518,53763500
2023-11-10,185.2875518798828,185.4565506612299,182.43468499907056,182.87206148972973,66133400
2023-11-13,183.6970977783203,184.9197527658604,183.1106225987718,184.71101456121173,43627500
2023-11-14,186.32135009765625,186.987349680322,185.18815428767326,186.579792942837,60108400
2023-11-15,186.887939453125,188.36905250310778,186.65931635404164,186.72890587030213,53790500
2023-11-16,188.5778045654297,189.82034448090351,187.52411797622008,188.43864070160558,54412900
2023-11-17,188.55792236328125,189.24380683321974,187.44461143684416,189.11457782649978,50922700
2023-11-20,190.30740356445312,190.76466491067268,188.7467813740569,188.75671623264228,46505100
2023-11-21,189.5022430419922,190.37699597796984,188.60762038854105,190.26765186097265,38134500
2023-11-22,190.16824340820312,191.77857025832532,189.6911123355231,190.34717704028523,39617700
2023-11-24,188.83624267578125,189.76068506922263,188.1205384889839,189.73086532541635,24048300
2023-11-27,188.65731811523438,189.53207108953595,187.77263028176083,188.78654712309,40552600
2023-11-28,189.26368713378906,189.9396367824376,188.2696551316836,188.64739214615557,38415400
2023-11-29,188.23983764648438,190.9436059381113,187.84223090795535,189.7607054145589,43014200
2023-11-30,188.81637573242188,189.1841778871875,187.06688486941184,188.70703160550096,48794400
2023-12-01,190.0986785888672,190.41676093068807,188.1006646303825,189.19410585978827,45679300
2023-12-04,188.29946899414062,188.91577913023963,186.33128993843854,188.84618961175903,43389500
2023-12-05,192.26565551757812,193.23980256929687,189.0449865799245,189.07482149235318,66628400
2023-12-06,191.17222595214844,193.5976510937421,190.9634725753497,193.28950362567244,41089700
2023-12-07,193.11058044433594,193.8362194805571,192.43463086867496,192.4744006383907,47477700
2023-12-08,194.5419921875,194.8203199094653,192.5141585929263,193.04099429291227,53377300
2023-12-11,192.02708435058594,192.33524699521988,190.27759358324766,191.9575100014726,60943700
2023-12-12,193.54798889160156,193.55792375181088,190.57582757465815,191.9277117816764,52696900
2023-12-13,196.77857971191406,196.81833431777545,193.6871396116279,193.92569758224516,70404200
2023-12-14,196.9276580810547,198.42864077264184,194.98929893159502,196.83819885132337,66831600
2023-12-15,196.39089965820312,197.2159328291742,195.82429416614897,196.3511298862745,128256700
2023-12-18,194.72091674804688,195.45650584640038,193.22986883323685,194.91972010314345,55751900
2023-12-19,195.7646484375,195.77458329630363,194.72091188963017,194.98930475456203,40714100
2023-12-20,193.66725158691406,196.50023361616374,193.66725158691406,195.72488988877126,52242800
2023-12-21,193.51812744140625,195.90381315665195,192.34517705306277,194.92966611931476,46482500
2023-12-22,192.444580078125,194.24377537319003,191.81833513340536,194.01513711760236,37122800
2023-12-26,191.8978729248047,192.73285613100865,191.67918468017166,192.45452839560733,28919300
2023-12-27,191.9972686767578,192.34518593287333,189.94956524818429,191.34121910492223,48087700
2023-12-28,192.4247283935547,193.49828484070574,192.01717160785626,192.98138392147177,34049900
2023-12-29,191.38095092773438,193.23978563415233,190.58572241393787,192.7427697089948,42628800
2024-01-02,184.53208923339844,187.31538170646215,182.79253333369908,186.03307200647276,82488700
2024-01-03,183.15037536621094,184.77065219734183,182.3352619375341,183.1205556229884,58414500
2024-01-04,180.82435607910156,181.99730650228184,179.80050438167336,181.06291404030495,71983600
2024-01-05,180.0986785888672,181.66925069088813,179.0947119070235,180.90385710718044,62303300
2024-01-08,184.45254516601562,184.49231493340258,180.41677833640054,181.00325347972012,59144500
2024-01-09,184.0350799560547,184.04501481546237,181.63945924679223,182.8223597284498,42841800
2024-01-10,185.07879638671875,185.28753458558947,182.8223397938252,183.2497813853363,46792900
2024-01-11,184.4823760986328,185.93366934185158,182.524132048394,185.42670336710847,49128400
2024-01-12,184.8104248046875,185.62553831277884,184.08478570270393,184.94958867585868,40444700
2024-01-16,182.53408813476562,183.16031793652851,179.85018978995151,181.07285998444632,65603000
2024-01-17,181.58975219726562,181.83826018866833,179.2239664331644,180.18817865322478,47317400
2024-01-18,187.50424194335938,188.01119275141858,184.72094959289208,184.979392426226,78005800
2024-01-19,190.416748046875,190.80441988057507,187.69311035236996,188.2000611602168,68741000
2024-01-22,192.73284912109375,194.16425751836653,191.11257223144145,191.15234200232317,60133900
2024-01-23,194.01513671875,194.58174217570732,192.6732027698961,193.8561031440579,42355600
2024-01-24,193.33921813964844,195.20800309667513,193.1801693842155,194.25372573180164,53631300
2024-01-25,193.01116943359375,195.0986424607324,191.95749806154728,194.0549059471631,54822100
2024-01-26,191.2716064453125,193.5976373302703,190.79447540505197,193.11057143190595,44594000
2024-01-29,190.5857391357422,191.05293535979936,188.44857653714126,190.8640668648328,47145600
2024-01-30,186.91775512695312,190.65532484477694,186.35116482109103,189.80045678886228,55859400
2024-01-31,183.29949951171875,185.98339811587047,183.24981004460298,185.92374345342654,55467800
2024-02-01,185.74481201171875,185.83427124755644,182.72296153753896,182.8919451500293,64885400
2024-02-02,184.7408447265625,186.21200777158808,178.18022776276848,178.78658786144558,102518000
2024-02-05,186.55990600585938,188.120543422021,184.73089088840356,187.02710222804,69668800
2024-02-06,188.1702423095703,188.180177168222,185.65534280788862,185.74480203892318,43490800
2024-02-07,188.2795867919922,189.9097985097057,187.48435823433906,189.5022417883465,53439000
2024-02-08,187.19610595703125,188.40881099372643,186.23189374257132,188.25971226684047,40962000
2024-02-09,187.9624786376953,189.0971204380579,187.11646725876852,187.76340641648085,45155200
2024-02-12,186.27044677734375,187.78330749959082,185.91213805857674,187.53448242231033,41781900
2024-02-13,184.17037963867188,185.3348944732297,182.64757123911642,184.89695986657188,56529500
2024-02-14,183.28456115722656,184.65808055839094,181.5826059912504,184.44907598078342,54630500
2024-02-15,182.99594116210938,183.62298530484992,180.49774250244775,182.6874004528496,65434500
2024-02-16,181.4532012939453,183.98127264473297,180.816209688257,182.5579852711476,49701400
2024-02-20,180.70672607421875,181.5726325042779,179.15405998428736,180.93564089848354,53665600
2024-02-21,181.46316528320312,182.03047857973698,179.8109630738625,181.08494629412857,41529700
2024-02-22,183.50350952148438,184.09074823448796,181.60249751065342,182.61769287128237,52292200
2024-02-23,181.6622314453125,184.1703774935557,181.37358582743232,184.14051969682032,45119700
2024-02-26,180.30862426757812,181.90109579673225,179.80101134340092,181.38355052297356,40867400
2024-02-27,181.77171325683594,183.05564406470424,178.71613380047907,180.24890489042258,54318900
2024-02-28,180.56739807128906,182.25940572629614,179.28346722817705,181.65227187035535,48953900
2024-02-29,179.90054321289062,181.71199718953457,178.6862755375109,180.41810366151438,136682600
2024-03-01,178.815673828125,179.6815803178056,176.54639012704013,178.7061901764464,73488000
2024-03-04,174.27708435058594,176.0686126971914,172.97322823226915,175.32213749041347,81510100
2024-03-05,169.3205108642578,171.23148594158673,168.8228606299405,169.95750255670077,95132400
2024-03-06,168.32518005371094,170.43522699407845,167.88724549652,170.256065044738,68587700
2024-03-07,168.2057647705078,169.92763018116116,167.6981670423948,168.35505375316498,71765100
2024-03-08,169.92764282226562,172.88368639540985,168.1460616860156,168.20577728352077,76114600
2024-03-11,171.93814086914062,173.56048535052068,171.2414336396481,172.12725037151972,60139500
2024-03-12,172.41586303710938,173.2121062975323,170.20629520329734,172.3362371923594,59825400
2024-03-13,170.3257598876953,172.37607625258147,169.95748841772314,171.9580519129805,52488700
2024-03-14,172.18695068359375,173.49079163745046,171.24141844268888,172.0973773021251,72913500
2024-03-15,171.80874633789062,171.80874633789062,169.48969463541124,170.3655638276482,121664700
2024-03-18,172.90357971191406,176.87483361469177,172.70452267737835,174.7448914522954,75604200
2024-03-19,175.25250244140625,175.78001045706262,172.21683307682196,173.52067421691896,55215200
2024-03-20,177.83030700683594,177.83030700683594,174.2671300256647,174.89417408943874,53423100
2024-03-21,170.5646209716797,176.65586961417029,170.03711298613993,176.2179350177799,106181300
2024-03-22,171.4703369140625,172.23672240837217,169.26076900158964,170.95277649830084,71106600
2024-03-25,170.0470733642578,171.13194711675717,168.65364374159117,169.76839047714014,54288300
2024-03-26,168.9124298095703,170.61438491064948,168.78303590364706,169.20106023000122,57388400
2024-03-27,172.49549865722656,172.78414425918754,169.31054062211945,169.609133760084,60273300
2024-03-28,170.67410278320312,171.4205780589011,169.70866021166748,170.94283813483634,65672700
2024-04-01,169.23092651367188,170.4451942217802,168.68350825393796,170.38547862745995,46240500
2024-04-02,168.0465087890625,168.54415896803064,167.43937496323824,168.28538634231538,49329500
2024-04-03,168.85269165039062,169.8778497555363,167.78772821512752,167.99673277562965,47691700
2024-04-04,168.02662658691406,171.1120488206033,168.02662658691406,169.4897042530356,53704400
2024-04-05,168.78302001953125,169.58921080070664,168.15597599547186,168.7929675547899,42055200
2024-04-08,167.65834045410156,168.40481571452685,167.4493358859462,168.23561647794648,37425500
2024-04-09,168.8726043701172,169.2806811483862,167.55881583801002,167.90716183961618,42451200
2024-04-10,166.99148559570312,168.29532657810816,166.3246362072623,168.0066961691415,49709300
2024-04-11,174.2173614501953,174.63540094951088,167.36970557110288,167.54885233902874,91070300
2024-04-12,175.72027587890625,177.52176704196785,173.39127675717174,173.44102962389059,101593300
2024-04-15,171.87841796875,175.7999037342719,171.68930847441092,174.53586805138283,73531800
2024-04-16,168.583984375,172.94338974194338,167.47920033817573,170.94284143183614,73711200
2024-04-17,167.21046447753906,169.84800441976404,167.21046447753906,168.81289870293196,50901200
2024-04-18,166.2549591064453,167.8474456964944,165.7672716683895,167.24031189258443,43122900
2024-04-19,164.2245635986328,165.6179780634261,163.3088890664717,165.42888374733738,67772100
2024-04-22,165.06060791015625,166.47393259764522,163.9956444231876,164.74211969252124,48116400
2024-04-23,166.11563110351562,166.26493527613894,164.1449405589347,164.57292762929356,49537800
2024-04-24,168.2256622314453,168.50434510258808,165.42887079721268,165.75730653407012,48251800
2024-04-25,169.09158325195312,169.80820075027214,167.3597550998357,168.73327450279362,50558300
2024-04-26,168.50433349609375,170.53473930129167,168.38488714020465,169.08160945714914,44838400
2024-04-29,172.6846160888672,175.20272483761752,172.28650201133235,172.555222179483,68169400
2024-04-30,169.5294952392578,174.16759809934044,169.2010443307548,172.51539602156524,65934800
2024-05-01,168.50433349609375,171.89831095590108,168.31522402075603,168.78301634804097,50383100
2024-05-02,172.21682739257812,172.6049939419865,170.08688513916925,171.69926693100732,94214900
2024-05-03,182.51817321777344,186.12115543095717,181.80155578938326,185.7727942523785,163224100
2024-05-06,180.8560333251953,183.3343214775735,179.5720873686165,181.4930249418685,78569700
2024-05-07,181.54278564453125,184.0310366275269,180.46787458450643,182.58785409480518,77305800
2024-05-08,181.88119506835938,182.20964601288568,180.59724908638574,181.9906787165348,45057100
2024-05-09,183.70260620117188,183.792179594264,181.2541604804327,181.70204263297254,48983000
2024-05-10,182.4368438720703,184.47000383075684,181.51992740382525,184.28063783698332,50759500
2024-05-13,185.65603637695312,186.47329700939974,184.00159305347216,184.81885368591878,72044800
2024-05-14,186.8021697998047,187.66926595480425,185.6659889969534,186.8819036535792,52393600
2024-05-15,189.08450317382812,190.0113806876588,186.74236879853999,187.28056849688068,70400000
2024-05-16,189.2041015625,190.45989075478766,189.02471179656044,189.83199615864385,52845200
2024-05-17,189.2340087890625,190.17086260921994,188.5463175718117,188.87521403256983,41282900
2024-05-20,190.4000701904297,191.27712733733017,188.3768712601109,188.69580666177544,44361300
2024-05-21,191.70570373535156,192.08442053272114,190.28048580582154,190.44991454290118,42309400
2024-05-22,190.26055908203125,192.17414127105863,189.63267965869522,191.6259804985601,34648500
2024-05-23,186.2540283203125,190.3602230291439,186.00486572472462,190.34028576334703,51005900
2024-05-24,189.3436279296875,189.94162421863646,187.41012383078694,188.1875250894915,36294600
2024-05-28,189.35360717773438,192.35351928350596,188.4665889665476,190.868504773859,52280100
2024-05-29,189.652587890625,191.6060292626522,188.8752018363686,188.97487295416659,53068000
2024-05-30,190.6492462158203,191.53626445370173,189.99146851693155,190.12102272627732,49947900
2024-05-31,191.6060333251953,191.92496874276912,189.27387511297837,190.79874896001851,75158300
2024-06-03,193.38006591796875,194.33685694398167,191.8751293663799,192.25384615761888,50080500
2024-06-04,193.69900512695312,194.66575720064256,192.38341934135104,193.98802704232938,47471400
2024-06-05,195.21389770507812,196.24044634116564,194.2172473626493,194.74547082752238,54156800
2024-06-06,193.8285369873047,195.84177475695034,193.51957784203586,195.03449048507352,41181800
2024-06-07,196.23048400878906,196.28031956711487,193.48969558531903,193.99798178181695,53103900
2024-06-10,192.4730987548828,196.63910486677477,191.50634675889475,196.2404356269631,97262100
2024-06-11,206.4561004638672,206.46607669963058,192.9813995595946,193.00132161576843,172373300
2024-06-12,212.35630798339844,219.46241499269527,206.20696163392407,206.67538853844061,198134300
2024-06-13,213.52236938476562,216.02395620562416,210.89121315624297,214.02069454325613,97862700
2024-06-14,211.77822875976562,214.44924427717243,210.59221246372425,213.13367378271622,70122700
2024-06-17,215.94422912597656,218.21659070332575,212.0074632920053,212.65527993528355,93728300
2024-06-18,213.5721893310547,217.89766325641614,212.28651711595563,216.86113841241473,79943300
2024-06-20,208.97763061523438,213.5223688231627,208.1504242370716,213.21339445126264,86172500
2024-06-21,206.7949981689453,211.18025387128242,206.4162661482939,209.68527826262047,246421400
2024-06-24,207.4427947998047,211.98751777765062,205.89798377862786,207.02420349475855,80727000
2024-06-25,208.36968994140625,210.67194975002218,207.91122410230182,208.44940858434205,56713900
2024-06-26,212.5356903076172,214.1402980033581,209.9344322470105,210.79155216910215,66213200
2024-06-27,213.3828582763672,215.01736433595826,211.63872006367095,213.97087836680484,49772700
2024-06-28,209.91448974609375,215.34624626528088,209.5955695452833,215.04724812174294,82542700
2024-07-01,216.02395629882812,216.78140506529675,211.2101334408119,211.37956216985054,60402900
2024-07-02,219.53216552734375,219.64179766849512,214.3794853085834,215.42595595595571,58046200
2024-07-03,220.80787658691406,220.80787658691406,218.29631357753755,219.26306558331447,37369800
2024-07-05,225.5818328857422,225.69146503075916,220.90754038733803,220.90754038733803,60412400
2024-07-08,227.056884765625,227.08678305881674,222.50218547217585,226.32931907748747,59085900
2024-07-09,227.9139862060547,228.631575647805,225.6117264169712,227.1664984715379,48076100
2024-07-10,232.1995849609375,232.2992560750062,228.48208356286247,228.53191911989683,62627700
2024-07-11,226.80772399902344,231.61157070495582,225.01375035477759,230.61492037011672,64710600
2024-07-12,229.76776123046875,231.86073301422448,227.91399100155513,228.1531925563972,53046500
2024-07-15,233.61483764648438,236.43535998230433,232.3092281117703,235.68787221439834,62631300
2024-07-16,234.033447265625,235.4785872610991,231.55178236868576,234.21283703260292,43234300
2024-07-17,228.1133270263672,230.68468664215072,225.88082486496336,228.68140979310064,57345900
2024-07-18,223.42906188964844,229.66810263837593,221.52547133243425,229.50863493701104,66034600
2024-07-19,223.5586395263672,226.04030439428965,222.53209087352224,224.06694094221692,49151500
2024-07-22,223.20982360839844,227.01702011468987,222.34272744507626,226.24959507146193,48201800
2024-07-23,224.25628662109375,226.17982967750157,221.93408951337017,223.61843101438217,39960300
2024-07-24,217.8079376220703,224.04697788212746,216.40267233593048,223.24965464543004,61777600
2024-07-25,216.76148986816406,220.11023564894725,213.9010930254534,218.19665359620475,51391200
2024-07-26,217.2299041748047,218.75477790382115,215.2864239407029,217.96741565742542,41601300
2024-07-29,217.50897216796875,218.5654190781,215.0273073866339,216.23326096996,36311800
2024-07-30,218.06710815429688,219.5919820328496,215.39607720378967,218.45580119769897,41643800
2024-07-31,221.3361053466797,223.07028238181744,219.89096542123676,220.6982497488722,50036300
2024-08-01,217.62855529785156,223.72805013234773,216.29304757526307,223.618417993468,62501000
2024-08-02,219.12355041503906,224.84432899946665,216.98075820790513,218.41592196270943,105568600
2024-08-05,208.56903076171875,212.7848576409039,195.3434758670593,198.423121913284,119548600
2024-08-06,206.5358428955078,209.28660752946874,200.39648844230862,204.61231506511243,69660500
2024-08-07,209.11717224121094,212.92436846093156,205.69865382063958,206.20693999643444,63516400
2024-08-08,212.59547424316406,213.4824924067945,208.13048513245963,212.39614722358988,47161100
2024-08-09,215.51568603515625,216.05387055494424,211.259984607228,211.38955402452135,42201600
2024-08-12,217.0522918701172,219.02793942662467,215.12653755613,215.59550663031672,38028100
2024-08-13,220.78408813476562,221.4027217224782,218.52904142421028,218.52904142421028,44155300
2024-08-14,221.23309326171875,222.54021400164925,219.21752501736546,220.08562480803565,41960600
2024-08-15,224.22650146484375,224.8551228159093,222.27079905335071,224.10676986474735,46414000
2024-08-16,225.5535888671875,226.33187474025672,223.15885022096822,223.42826155403992,44340200
2024-08-19,225.3939208984375,225.49370737790127,222.55017371179113,225.22429606357244,40687800
2024-08-20,226.0125732421875,226.6711275207631,224.95490346311303,225.27420804373648,30299000
2024-08-21,225.90281677246094,227.47934890039068,224.55579052395228,226.0225636042008,34765500
2024-08-22,224.0369110107422,227.8385414771675,223.4082896744648,227.28974628083643,43695300
2024-08-23,226.3418426513672,227.7188169640382,223.83736023691762,225.16444130741013,38677300
2024-08-26,226.68109130859375,226.7808777924977,223.39832305195915,226.2620154817008,30602200
2024-08-27,227.52923583984375,228.34744239539063,224.39613201364162,225.50369501854036,35934600
2024-08-28,225.99261474609375,229.35520907583674,225.18438078371824,227.4194670399241,38052200
2024-08-29,229.28536987304688,232.4085012026452,228.37737982242845,229.59470189609323,51906300
2024-08-30,228.49710083007812,229.89402024722435,226.98043458769098,229.6844899472923,52990800
2024-09-03,222.28079223632812,228.4971066385697,220.68429981162342,228.04809790202157,50190600
2024-09-04,220.36500549316406,221.29295584608857,217.0023958735564,221.17322424578342,43840200
2024-09-05,221.8916473388672,224.98483044961614,221.03353533260162,221.14329437614535,36615400
2024-09-06,220.33506774902344,224.74535922490057,219.2873705935476,223.45818364879955,48423000
2024-09-09,220.4248809814453,220.7840910234286,216.23410730849415,220.3350822772696,67180000
2024-09-10,219.62661743164062,220.9936039050013,216.25403537150672,218.43922835246784,51591000
2024-09-11,222.17103576660156,222.6000841658612,217.41150656335964,220.97367404683663,44587100
2024-09-12,222.28079223632812,223.0590781064196,219.33727360197898,222.01138090428717,37498200
2024-09-13,222.01136779785156,223.54797910505988,221.42266715079168,223.08899783711732,36766600
2024-09-16,215.84495544433594,216.74297289953918,213.4502168549942,216.0644583037111,59357400
2024-09-17,216.31390380859375,216.42366284814068,214.02893954474482,215.27619443719672,45519300
2024-09-18,220.20535278320312,222.22092099435915,217.06226125375574,217.07224903728172,59894900
2024-09-19,228.3673858642578,229.31531179988679,224.1367068474718,224.49591687958383,66781300
2024-09-20,227.6988525390625,232.57811312113958,227.12012443578536,229.46496974860833,318679900
2024-09-23,225.97265625,228.94610768522742,225.31410200503296,226.8407407931877,54146000
2024-09-24,226.8706817626953,228.8463445678705,225.2342838755063,228.14786961487798,43556100
2024-09-25,225.8728790283203,226.79085685048213,223.52804884217394,224.43603888049125,42308700
2024-09-26,227.02035522460938,227.99819881641105,224.9149883158055,226.80083714120576,36636700
2024-09-27,227.2897491455078,229.01596089620384,226.80083496693393,227.9582911728241,34026000
2024-09-30,232.48831176757812,232.48831176757812,229.1456625683617,229.5348054854851,54541900
2024-10-01,225.71322631835938,229.14565893600417,223.24864947388588,229.0159547825387,63285000
2024-10-02,226.28196716308594,226.8706678098605,222.53022998119604,225.3939223013361,32880600
2024-10-03,225.17440795898438,226.3119038145279,222.82957789090332,224.64557310138042,34044200
2024-10-04,226.30194091796875,227.49930262356304,223.63780617480538,227.39951613756347,37245100
2024-10-07,221.2031707763672,225.19438676879486,220.84396072803747,224.0069975750027,39505400
2024-10-08,225.27420043945312,225.4837307412941,222.75973024040246,223.80742742544692,31855700
2024-10-09,229.03591918945312,229.24546472466872,224.33627096325682,224.73538646570117,33591100
2024-10-10,228.53700256347656,228.99599906464633,226.67111410985407,227.279775108536,28183500
2024-10-11,227.05029296875,228.9062089337624,226.84074743911052,228.79644988971887,31759200
2024-10-14,230.79205322265625,231.22110160659443,228.09798564307096,228.19775690140833,39882100
2024-10-15,233.33645629882812,236.9684620133565,231.85969551276995,233.0969778733182,64751400
2024-10-16,231.27099609375,231.61024577942743,229.33525401328018,231.09139869260778,34082200
2024-10-17,231.6401824951172,233.3364614020046,230.0137723986246,232.9173703418766,32993800
2024-10-18,234.4839324951172,235.66133386929857,233.4961010856326,235.66133386929857,46431500
2024-10-21,235.96067810058594,236.32987592195377,233.9351372634737,233.9351372634737,36254500
2024-10-22,235.342041015625,235.70125104779564,232.08920560922664,233.376366009758,38846600
2024-10-23,230.25323486328125,234.62362105235994,227.25982300232985,233.56595129753524,52287000
2024-10-24,230.06365966796875,230.31311065070702,227.90839952304313,229.4749437774939,31109500
2024-10-25,230.9018096923828,232.7078323586645,229.0658541264054,229.23547896644118,38802300
2024-10-28,232.88743591308594,234.21451699403664,232.03931169048735,232.80762499530724,36087100
2024-10-29,233.15684509277344,233.815399347975,231.8098189074392,232.58810476348472,35417200
2024-10-30,229.59469604492188,232.95729049985403,229.04590082483264,232.09917848988178,47070900
2024-10-31,225.4138946533203,229.325284321648,224.8750719925984,228.83635490362704,64370100
2024-11-01,222.4204864501953,224.8551305713263,219.78628458026085,220.48474431371312,65276700
2024-11-04,221.52244567871094,222.3007315284092,219.2275088130919,220.5046966292777,44944500
2024-11-05,222.95928955078125,223.45819152571042,220.65436486265338,221.31291912362707,28111300
2024-11-06,222.23089599609375,225.5735453041769,220.7042571772517,222.12113695305962,54561100
2024-11-07,226.98043823242188,227.37956894750107,224.0768403097807,224.13670611072257,42137700
2024-11-08,226.7107391357422,228.4088689967903,226.16134014604208,226.92049995960826,38328800
2024-11-11,223.98373413085938,225.45212091614073,221.25673663335022,224.7528927426808,42005600
2024-11-12,223.98373413085938,225.34224111445195,223.11469448970428,224.30339000560164,40398300
2024-11-13,224.8727569580078,226.4010754152989,222.5153482196322,223.76397540644066,48566200
2024-11-14,227.9693603515625,228.61864039722624,224.7528954725484,224.77287777547028,44923900
2024-11-15,224.7528839111328,226.67077335813082,224.023689933323,226.15134020310103,47923700
2024-11-18,227.7695770263672,229.4876892234719,224.92270099550518,225.00261496304853,44686000
2024-11-19,228.02928161621094,229.90722171238716,226.41106572007726,226.73070634208972,36211800
2024-11-20,228.7484893798828,229.67746064503265,225.64190448211673,227.80951934283004,35169600
2024-11-21,228.26902770996094,229.90722593821596,225.46211628612434,228.6286329426038,42108300
2024-11-22,229.61753845214844,230.46661102927646,227.80952873867182,227.80952873867182,38168300
2024-11-25,232.61424255371094,232.99383009111634,229.48769048234254,231.2058026888721,90152800
2024-11-26,234.8018341064453,235.31128373473052,233.07373841155265,233.07373841155265,45986200
2024-11-27,234.67198181152344,235.43115689965902,233.55321672420507,234.21249554010248,33498400
2024-11-29,237.06935119628906,237.5488197625333,233.71304074851764,234.55211454995276,28481400
2024-12-02,239.3268585205078,240.52553753151284,236.89953466637493,237.00941446483552,48137100
2024-12-03,242.3834991455078,242.49337894569658,238.6376176509325,239.54662188503684,38861000
2024-12-04,242.74310302734375,243.84190102311462,240.9850414761411,242.60325739533934,44383900
2024-12-05,242.7730712890625,244.2714238935446,241.86408229295347,243.72204013219255,40033900
2024-12-06,242.5732879638672,244.3613305629988,241.8141281502541,242.6432183998472,36870600
2024-12-09,246.47900390625,246.96847124510987,241.48449521514058,241.56440918324205,44649200
2024-12-10,247.4978790283203,247.93739821602466,245.0705399660552,246.61884065291167,36914800
2024-12-11,246.2192840576172,250.52454792031958,245.98952569372008,247.68767076725757,45205800
2024-12-12,247.68768310546875,248.46682524629017,245.41017310687806,246.61885092340057,32777500
2024-12-13,247.85748291015625,249.01619729452798,245.96955931284188,247.54782582286595,33155300
2024-12-16,250.7642822265625,251.10392039685559,247.3780059899919,247.71764416028498,51694800
2024-12-17,253.20159912109375,253.5512208135588,249.50566587259755,249.80533943156328,51356400
2024-12-18,247.77757263183594,254.0007260278641,247.46791553993853,251.88305927654196,56774100
2024-12-19,249.51565551757812,251.72323503929724,246.81862390484895,247.22817727073837,60882300
2024-12-20,254.21051025390625,254.71994465608725,245.42017186050566,247.76758181309805,147495300
2024-12-23,254.98965454101562,255.36922684225433,253.17164603591402,254.49020366493687,40858800
2024-12-24,257.91644287109375,257.92641115938613,255.0096198916901,255.2094124344067,23234700
2024-12-26,258.7355041503906,259.81433504408284,257.34704665632455,257.90642916266114,27237100
2024-12-27,255.30929565429688,258.41589596104086,252.78207543596488,257.54682582842287,42355300
2024-12-30,251.9230194091797,253.22159473829512,250.47461491371794,251.95298524244893,35557500
2024-12-31,250.1449737548828,253.00183336212825,249.15605553782555,252.16275955239965,39480700
